N,M,rfc_type,aperture_rossler_attractor,aperture_lorenz_attractor,aperture_mackey_glass,aperture_henon_attractor,aperture_rossler_attractor_2d,aperture_lorenz_attractor_2d,aperture_mackey_glass_2d,aperture_henon_attractor_2d,n_adapt,washout,beta_W,beta_W_out,W_in_std,W_sr,noise_std,signal_noise,experiment_name,cycles,n_rep,nrmse
250,500,matrix_conceptor,50.0,20.0,35.0,20.0,100.0,100.0,100.0,100.0,3000,500,0.0001,0.01,1.2,0.8,0.000121,0.0005,../res/RFC_MAANDAG__250.csv,3,5,0.002951058254180077
250,500,matrix_conceptor,50.0,20.0,35.0,20.0,100.0,100.0,100.0,100.0,3000,500,0.0001,0.01,1.2,0.8,9.900000000000001e-05,0.0005,../res/RFC_MAANDAG__250.csv,3,5,0.0033416067174306965
250,500,matrix_conceptor,50.0,20.0,35.0,20.0,100.0,100.0,100.0,100.0,3000,500,0.0001,0.01,1.2,0.8,0.000121,0.0005,../res/RFC_MAANDAG__250.csv,3,5,0.002729108932027129
250,500,matrix_conceptor,50.0,20.0,35.0,20.0,100.0,100.0,100.0,100.0,3000,500,0.0001,0.01,1.2,0.8,9.900000000000001e-05,0.0005,../res/RFC_MAANDAG__250.csv,3,5,0.002993382448436642
250,500,matrix_conceptor,50.0,20.0,35.0,20.0,100.0,100.0,100.0,100.0,3000,500,0.0001,0.01,1.2,0.8,8.910000000000001e-05,0.0005,../res/RFC_MAANDAG__250.csv,3,5,0.002959653719931024
250,500,matrix_conceptor,50.0,20.0,35.0,20.0,100.0,100.0,100.0,100.0,3000,500,0.0001,0.01,1.2,0.8,8.019e-05,0.0005,../res/RFC_MAANDAG__250.csv,3,5,0.0032135278735182285
250,500,matrix_conceptor,50.0,20.0,35.0,20.0,100.0,100.0,100.0,100.0,3000,500,0.0001,0.01,1.2,0.8,8.019e-05,0.00055,../res/RFC_MAANDAG__250.csv,3,5,0.003025331308054567
250,500,matrix_conceptor,50.0,20.0,35.0,20.0,100.0,100.0,100.0,100.0,3000,500,0.0001,0.01,1.2,0.8,8.019e-05,0.00045,../res/RFC_MAANDAG__250.csv,3,5,0.002755869963431653
250,500,matrix_conceptor,50.0,20.0,35.0,20.0,100.0,100.0,100.0,100.0,3000,500,0.0001,0.01,1.2,0.8,8.019e-05,0.000405,../res/RFC_MAANDAG__250.csv,3,5,0.00308080931286652
250,500,matrix_conceptor,50.0,20.0,35.0,20.0,100.0,100.0,100.0,100.0,3000,500,0.00011,0.01,1.2,0.8,8.019e-05,0.000405,../res/RFC_MAANDAG__250.csv,3,5,0.0033181830789018804
250,500,matrix_conceptor,50.0,20.0,35.0,20.0,100.0,100.0,100.0,100.0,3000,500,9e-05,0.01,1.2,0.8,8.019e-05,0.000405,../res/RFC_MAANDAG__250.csv,3,5,0.002993602154084234
250,500,matrix_conceptor,50.0,20.0,35.0,20.0,125.0,100.0,100.0,100.0,3000,500,0.0001,0.01,1.2,0.8,8.019e-05,0.000405,../res/RFC_MAANDAG__250.csv,3,5,0.00291118734912765
250,500,matrix_conceptor,50.0,20.0,35.0,20.0,75.0,100.0,100.0,100.0,3000,500,0.0001,0.01,1.2,0.8,8.019e-05,0.000405,../res/RFC_MAANDAG__250.csv,3,5,0.002863328608187954
250,500,matrix_conceptor,50.0,20.0,35.0,20.0,56.25,100.0,100.0,100.0,3000,500,0.0001,0.01,1.2,0.8,8.019e-05,0.000405,../res/RFC_MAANDAG__250.csv,3,5,0.0032044423726832042
250,500,matrix_conceptor,50.0,20.0,35.0,20.0,56.25,125.0,100.0,100.0,3000,500,0.0001,0.01,1.2,0.8,8.019e-05,0.000405,../res/RFC_MAANDAG__250.csv,3,5,0.002854449549840899
250,500,matrix_conceptor,50.0,20.0,35.0,20.0,56.25,75.0,100.0,100.0,3000,500,0.0001,0.01,1.2,0.8,8.019e-05,0.000405,../res/RFC_MAANDAG__250.csv,3,5,0.0030084503562782102
250,500,matrix_conceptor,50.0,20.0,35.0,20.0,56.25,56.25,100.0,100.0,3000,500,0.0001,0.01,1.2,0.8,8.019e-05,0.000405,../res/RFC_MAANDAG__250.csv,3,5,0.002950098793133492
250,500,matrix_conceptor,50.0,20.0,35.0,20.0,56.25,42.1875,100.0,100.0,3000,500,0.0001,0.01,1.2,0.8,8.019e-05,0.000405,../res/RFC_MAANDAG__250.csv,3,5,0.0031598651037032404
250,500,matrix_conceptor,50.0,20.0,35.0,20.0,56.25,42.1875,125.0,100.0,3000,500,0.0001,0.01,1.2,0.8,8.019e-05,0.000405,../res/RFC_MAANDAG__250.csv,3,5,0.0027367761711861124
250,500,matrix_conceptor,50.0,20.0,35.0,20.0,56.25,42.1875,75.0,100.0,3000,500,0.0001,0.01,1.2,0.8,8.019e-05,0.000405,../res/RFC_MAANDAG__250.csv,3,5,0.0028828274596788593
250,500,matrix_conceptor,50.0,20.0,35.0,20.0,56.25,42.1875,56.25,100.0,3000,500,0.0001,0.01,1.2,0.8,8.019e-05,0.000405,../res/RFC_MAANDAG__250.csv,3,5,0.0028463057616529832
250,500,matrix_conceptor,50.0,20.0,35.0,20.0,56.25,42.1875,42.1875,100.0,3000,500,0.0001,0.01,1.2,0.8,8.019e-05,0.000405,../res/RFC_MAANDAG__250.csv,3,5,0.002728715337476093
250,500,matrix_conceptor,50.0,20.0,35.0,20.0,56.25,42.1875,31.640625,100.0,3000,500,0.0001,0.01,1.2,0.8,8.019e-05,0.000405,../res/RFC_MAANDAG__250.csv,3,5,0.002842474072832393
250,500,matrix_conceptor,50.0,20.0,35.0,20.0,56.25,42.1875,31.640625,110.0,3000,500,0.0001,0.01,1.2,0.8,8.019e-05,0.000405,../res/RFC_MAANDAG__250.csv,3,5,0.0029927290682197185
250,500,matrix_conceptor,50.0,20.0,35.0,20.0,56.25,42.1875,31.640625,90.0,3000,500,0.0001,0.01,1.2,0.8,8.019e-05,0.000405,../res/RFC_MAANDAG__250.csv,3,5,0.0027918149721659615
250,500,matrix_conceptor,50.0,20.0,35.0,20.0,56.25,42.1875,31.640625,81.0,3000,500,0.0001,0.01,1.2,0.8,8.019e-05,0.000405,../res/RFC_MAANDAG__250.csv,3,5,0.00280177473189108
250,500,matrix_conceptor,50.0,20.0,35.0,20.0,56.25,42.1875,31.640625,81.0,3000,500,0.0001,0.011,1.2,0.8,8.019e-05,0.000405,../res/RFC_MAANDAG__250.csv,3,5,0.0032796274146499023
250,500,matrix_conceptor,50.0,20.0,35.0,20.0,56.25,42.1875,31.640625,81.0,3000,500,0.0001,0.009000000000000001,1.2,0.8,8.019e-05,0.000405,../res/RFC_MAANDAG__250.csv,3,5,0.0032794013570559026
250,500,matrix_conceptor,50.0,20.0,35.0,20.0,56.25,42.1875,31.640625,81.0,3000,500,0.0001,0.01,1.25,0.8,8.019e-05,0.000405,../res/RFC_MAANDAG__250.csv,3,5,0.002655970841091121
250,500,matrix_conceptor,50.0,20.0,35.0,20.0,56.25,42.1875,31.640625,81.0,3000,500,0.0001,0.01,1.15,0.8,8.019e-05,0.000405,../res/RFC_MAANDAG__250.csv,3,5,0.0030516317204223264
250,500,matrix_conceptor,50.0,20.0,35.0,20.0,56.25,42.1875,31.640625,81.0,3000,500,0.0001,0.01,1.2,0.8,8.019e-05,0.000405,../res/RFC_MAANDAG__250.csv,3,5,0.0029078442843487777
250,500,matrix_conceptor,50.0,20.0,35.0,20.0,56.25,42.1875,31.640625,81.0,3000,500,0.0001,0.01,1.25,0.8,8.019e-05,0.000405,../res/RFC_MAANDAG__250.csv,3,5,0.0028019110850539177
250,500,matrix_conceptor,50.0,20.0,35.0,20.0,56.25,42.1875,31.640625,81.0,3000,500,0.0001,0.01,1.3,0.8,8.019e-05,0.000405,../res/RFC_MAANDAG__250.csv,3,5,0.0029910427966898965
250,500,matrix_conceptor,50.0,20.0,35.0,20.0,56.25,42.1875,31.640625,81.0,3000,500,0.0001,0.01,1.3,0.9,8.019e-05,0.000405,../res/RFC_MAANDAG__250.csv,3,5,0.0030959713693899196
250,500,matrix_conceptor,50.0,20.0,35.0,20.0,56.25,42.1875,31.640625,81.0,3000,500,0.0001,0.01,1.3,0.7000000000000001,8.019e-05,0.000405,../res/RFC_MAANDAG__250.csv,3,5,0.0028909475523153324
250,500,matrix_conceptor,50.0,20.0,35.0,20.0,56.25,42.1875,31.640625,81.0,3000,500,0.0001,0.01,1.3,0.6000000000000001,8.019e-05,0.000405,../res/RFC_MAANDAG__250.csv,3,5,0.0031777119843166488
250,500,matrix_conceptor,50.0,20.0,35.0,20.0,100.0,100.0,100.0,100.0,3000,500,0.0001,0.01,1.2,0.8,0.000121,0.0005,0.4,../res/RFC_MAANDAG__250.csv,3,5,0.0028983912751551306
250,500,matrix_conceptor,50.0,20.0,35.0,20.0,100.0,100.0,100.0,100.0,3000,500,0.0001,0.01,1.2,0.8,9.900000000000001e-05,0.0005,0.4,../res/RFC_MAANDAG__250.csv,3,5,0.0031857633380722034
250,500,matrix_conceptor,50.0,20.0,35.0,20.0,100.0,100.0,100.0,100.0,3000,500,0.0001,0.01,1.2,0.8,0.0001089,0.0005,0.4,../res/RFC_MAANDAG__250.csv,3,5,0.003081065816824719
250,500,matrix_conceptor,50.0,20.0,35.0,20.0,100.0,100.0,100.0,100.0,3000,500,0.0001,0.01,1.2,0.8,0.00011979,0.0005,0.4,../res/RFC_MAANDAG__250.csv,3,5,0.002766845149916249
250,500,matrix_conceptor,50.0,20.0,35.0,20.0,100.0,100.0,100.0,100.0,3000,500,0.0001,0.01,1.2,0.8,0.000131769,0.0005,0.4,../res/RFC_MAANDAG__250.csv,3,5,0.0032947197636105535
250,500,matrix_conceptor,50.0,20.0,35.0,20.0,100.0,100.0,100.0,100.0,3000,500,0.0001,0.01,1.2,0.8,0.000131769,0.00055,0.4,../res/RFC_MAANDAG__250.csv,3,5,0.0029364053621798937
250,500,matrix_conceptor,50.0,20.0,35.0,20.0,100.0,100.0,100.0,100.0,3000,500,0.0001,0.01,1.2,0.8,0.000131769,0.00045,0.4,../res/RFC_MAANDAG__250.csv,3,5,0.002860726020431462
250,500,matrix_conceptor,50.0,20.0,35.0,20.0,100.0,100.0,100.0,100.0,3000,500,0.0001,0.01,1.2,0.8,0.000131769,0.000405,0.4,../res/RFC_MAANDAG__250.csv,3,5,0.002843990934509843
250,500,matrix_conceptor,50.0,20.0,35.0,20.0,100.0,100.0,100.0,100.0,3000,500,0.0001,0.01,1.2,0.8,0.000131769,0.00036449999999999997,0.4,../res/RFC_MAANDAG__250.csv,3,5,0.0029400001771360497
250,500,matrix_conceptor,50.0,20.0,35.0,20.0,100.0,100.0,100.0,100.0,3000,500,0.00011,0.01,1.2,0.8,0.000131769,0.00036449999999999997,0.4,../res/RFC_MAANDAG__250.csv,3,5,0.002798395914140752
250,500,matrix_conceptor,50.0,20.0,35.0,20.0,100.0,100.0,100.0,100.0,3000,500,9e-05,0.01,1.2,0.8,0.000131769,0.00036449999999999997,0.4,../res/RFC_MAANDAG__250.csv,3,5,0.0028440412438281225
250,500,matrix_conceptor,50.0,20.0,35.0,20.0,100.0,100.0,100.0,100.0,3000,500,8.1e-05,0.01,1.2,0.8,0.000131769,0.00036449999999999997,0.4,../res/RFC_MAANDAG__250.csv,3,5,0.002589730782622551
250,500,matrix_conceptor,50.0,20.0,35.0,20.0,100.0,100.0,100.0,100.0,3000,500,7.290000000000001e-05,0.01,1.2,0.8,0.000131769,0.00036449999999999997,0.4,../res/RFC_MAANDAG__250.csv,3,5,0.0031367054819179834
250,500,matrix_conceptor,50.0,20.0,35.0,20.0,125.0,100.0,100.0,100.0,3000,500,7.290000000000001e-05,0.01,1.2,0.8,0.000131769,0.00036449999999999997,0.4,../res/RFC_MAANDAG__250.csv,3,5,0.002906721641549908
250,500,matrix_conceptor,50.0,20.0,35.0,20.0,75.0,100.0,100.0,100.0,3000,500,7.290000000000001e-05,0.01,1.2,0.8,0.000131769,0.00036449999999999997,0.4,../res/RFC_MAANDAG__250.csv,3,5,0.0027126863085971628
250,500,matrix_conceptor,50.0,20.0,35.0,20.0,56.25,100.0,100.0,100.0,3000,500,7.290000000000001e-05,0.01,1.2,0.8,0.000131769,0.00036449999999999997,0.4,../res/RFC_MAANDAG__250.csv,3,5,0.0028549759825380098
250,500,matrix_conceptor,50.0,20.0,35.0,20.0,56.25,125.0,100.0,100.0,3000,500,7.290000000000001e-05,0.01,1.2,0.8,0.000131769,0.00036449999999999997,0.4,../res/RFC_MAANDAG__250.csv,3,5,0.0033290910928491886
250,500,matrix_conceptor,50.0,20.0,35.0,20.0,56.25,75.0,100.0,100.0,3000,500,7.290000000000001e-05,0.01,1.2,0.8,0.000131769,0.00036449999999999997,0.4,../res/RFC_MAANDAG__250.csv,3,5,0.0028475980177505972
250,500,matrix_conceptor,50.0,20.0,35.0,20.0,56.25,56.25,100.0,100.0,3000,500,7.290000000000001e-05,0.01,1.2,0.8,0.000131769,0.00036449999999999997,0.4,../res/RFC_MAANDAG__250.csv,3,5,0.002930356609673429
250,500,matrix_conceptor,50.0,20.0,35.0,20.0,56.25,56.25,125.0,100.0,3000,500,7.290000000000001e-05,0.01,1.2,0.8,0.000131769,0.00036449999999999997,0.4,../res/RFC_MAANDAG__250.csv,3,5,0.0027394287472261372
250,500,matrix_conceptor,50.0,20.0,35.0,20.0,56.25,56.25,75.0,100.0,3000,500,7.290000000000001e-05,0.01,1.2,0.8,0.000131769,0.00036449999999999997,0.4,../res/RFC_MAANDAG__250.csv,3,5,0.0030926149815952543
250,500,matrix_conceptor,50.0,20.0,35.0,20.0,56.25,56.25,93.75,100.0,3000,500,7.290000000000001e-05,0.01,1.2,0.8,0.000131769,0.00036449999999999997,0.4,../res/RFC_MAANDAG__250.csv,3,5,0.002876810619798864
250,500,matrix_conceptor,50.0,20.0,35.0,20.0,56.25,56.25,117.1875,100.0,3000,500,7.290000000000001e-05,0.01,1.2,0.8,0.000131769,0.00036449999999999997,0.4,../res/RFC_MAANDAG__250.csv,3,5,0.003243780796634127
250,500,matrix_conceptor,50.0,20.0,35.0,20.0,56.25,56.25,117.1875,110.0,3000,500,7.290000000000001e-05,0.01,1.2,0.8,0.000131769,0.00036449999999999997,0.4,../res/RFC_MAANDAG__250.csv,3,5,0.002361581825813453
250,500,matrix_conceptor,50.0,20.0,35.0,20.0,56.25,56.25,117.1875,90.0,3000,500,7.290000000000001e-05,0.01,1.2,0.8,0.000131769,0.00036449999999999997,0.4,../res/RFC_MAANDAG__250.csv,3,5,0.003320220237219082
250,500,matrix_conceptor,50.0,20.0,35.0,20.0,56.25,56.25,117.1875,99.0,3000,500,7.290000000000001e-05,0.01,1.2,0.8,0.000131769,0.00036449999999999997,0.4,../res/RFC_MAANDAG__250.csv,3,5,0.0032648357547206443
250,500,matrix_conceptor,50.0,20.0,35.0,20.0,56.25,56.25,117.1875,108.9,3000,500,7.290000000000001e-05,0.01,1.2,0.8,0.000131769,0.00036449999999999997,0.4,../res/RFC_MAANDAG__250.csv,3,5,0.0026391012261938267
250,500,matrix_conceptor,50.0,20.0,35.0,20.0,56.25,56.25,117.1875,119.79,3000,500,7.290000000000001e-05,0.01,1.2,0.8,0.000131769,0.00036449999999999997,0.4,../res/RFC_MAANDAG__250.csv,3,5,0.0028728201818026236
250,500,matrix_conceptor,50.0,20.0,35.0,20.0,56.25,56.25,117.1875,119.79,3000,500,7.290000000000001e-05,0.011,1.2,0.8,0.000131769,0.00036449999999999997,0.4,../res/RFC_MAANDAG__250.csv,3,5,0.002852854243077392
250,500,matrix_conceptor,50.0,20.0,35.0,20.0,56.25,56.25,117.1875,119.79,3000,500,7.290000000000001e-05,0.009000000000000001,1.2,0.8,0.000131769,0.00036449999999999997,0.4,../res/RFC_MAANDAG__250.csv,3,5,0.0028276676624034353
250,500,matrix_conceptor,50.0,20.0,35.0,20.0,56.25,56.25,117.1875,119.79,3000,500,7.290000000000001e-05,0.008100000000000001,1.2,0.8,0.000131769,0.00036449999999999997,0.4,../res/RFC_MAANDAG__250.csv,3,5,0.0026795731181460127
250,500,matrix_conceptor,50.0,20.0,35.0,20.0,56.25,56.25,117.1875,119.79,3000,500,7.290000000000001e-05,0.007290000000000001,1.2,0.8,0.000131769,0.00036449999999999997,0.4,../res/RFC_MAANDAG__250.csv,3,5,0.002737436993147238
250,500,matrix_conceptor,50.0,20.0,35.0,20.0,56.25,56.25,117.1875,119.79,3000,500,7.290000000000001e-05,0.007290000000000001,1.25,0.8,0.000131769,0.00036449999999999997,0.4,../res/RFC_MAANDAG__250.csv,3,5,0.003020471752688494
250,500,matrix_conceptor,50.0,20.0,35.0,20.0,56.25,56.25,117.1875,119.79,3000,500,7.290000000000001e-05,0.007290000000000001,1.15,0.8,0.000131769,0.00036449999999999997,0.4,../res/RFC_MAANDAG__250.csv,3,5,0.0032056055827688183
250,500,matrix_conceptor,50.0,20.0,35.0,20.0,56.25,56.25,117.1875,119.79,3000,500,7.290000000000001e-05,0.007290000000000001,1.2,0.8500000000000001,0.000131769,0.00036449999999999997,0.4,../res/RFC_MAANDAG__250.csv,3,5,0.0028481087117269493
250,500,matrix_conceptor,50.0,20.0,35.0,20.0,56.25,56.25,117.1875,119.79,3000,500,7.290000000000001e-05,0.007290000000000001,1.2,0.75,0.000131769,0.00036449999999999997,0.4,../res/RFC_MAANDAG__250.csv,3,5,0.0028216839489921533
250,500,matrix_conceptor,50.0,20.0,35.0,20.0,56.25,56.25,117.1875,119.79,3000,500,7.290000000000001e-05,0.007290000000000001,1.2,0.7,0.000131769,0.00036449999999999997,0.4,../res/RFC_MAANDAG__250.csv,3,5,0.002630694037895228
250,500,matrix_conceptor,50.0,20.0,35.0,20.0,56.25,56.25,117.1875,119.79,3000,500,7.290000000000001e-05,0.007290000000000001,1.2,0.6499999999999999,0.000131769,0.00036449999999999997,0.4,../res/RFC_MAANDAG__250.csv,3,5,0.002843797951049344
250,500,matrix_conceptor,50.0,20.0,35.0,20.0,56.25,56.25,117.1875,119.79,3000,500,7.290000000000001e-05,0.007290000000000001,1.2,0.6499999999999999,0.000131769,0.00036449999999999997,0.45,../res/RFC_MAANDAG__250.csv,3,5,0.0027828942468206283
250,500,matrix_conceptor,50.0,20.0,35.0,20.0,56.25,56.25,117.1875,119.79,3000,500,7.290000000000001e-05,0.007290000000000001,1.2,0.6499999999999999,0.000131769,0.00036449999999999997,0.35000000000000003,../res/RFC_MAANDAG__250.csv,3,5,0.002678638462611134
250,500,matrix_conceptor,50.0,20.0,35.0,20.0,56.25,56.25,117.1875,119.79,3000,500,7.290000000000001e-05,0.007290000000000001,1.2,0.6499999999999999,0.000131769,0.00036449999999999997,0.30000000000000004,../res/RFC_MAANDAG__250.csv,3,5,0.002929775332726377
250,500,matrix_conceptor,50.0,20.0,35.0,20.0,56.25,56.25,117.1875,119.79,3000,500,7.290000000000001e-05,0.007290000000000001,1.2,0.6499999999999999,0.0001449459,0.00036449999999999997,0.30000000000000004,../res/RFC_MAANDAG__250.csv,3,5,0.0027027969975517035
250,500,matrix_conceptor,50.0,20.0,35.0,20.0,56.25,56.25,117.1875,119.79,3000,500,7.290000000000001e-05,0.007290000000000001,1.2,0.6499999999999999,0.0001185921,0.00036449999999999997,0.30000000000000004,../res/RFC_MAANDAG__250.csv,3,5,0.0021037818770060154
250,500,matrix_conceptor,50.0,20.0,35.0,20.0,56.25,56.25,117.1875,119.79,3000,500,7.290000000000001e-05,0.007290000000000001,1.2,0.6499999999999999,0.00010673289,0.00036449999999999997,0.30000000000000004,../res/RFC_MAANDAG__250.csv,3,5,0.002629236484461968
250,500,matrix_conceptor,50.0,20.0,35.0,20.0,56.25,56.25,117.1875,119.79,3000,500,7.290000000000001e-05,0.007290000000000001,1.2,0.6499999999999999,0.00010673289,0.00040094999999999996,0.30000000000000004,../res/RFC_MAANDAG__250.csv,3,5,0.0027628620489546125
250,500,matrix_conceptor,50.0,20.0,35.0,20.0,56.25,56.25,117.1875,119.79,3000,500,7.290000000000001e-05,0.007290000000000001,1.2,0.6499999999999999,0.00010673289,0.00032805,0.30000000000000004,../res/RFC_MAANDAG__250.csv,3,5,0.002698699047676531
250,500,matrix_conceptor,50.0,20.0,35.0,20.0,56.25,56.25,117.1875,119.79,3000,500,7.290000000000001e-05,0.007290000000000001,1.2,0.6499999999999999,0.00010673289,0.00029524499999999997,0.30000000000000004,../res/RFC_MAANDAG__250.csv,3,5,0.0027082662181109416
250,500,matrix_conceptor,50.0,20.0,35.0,20.0,56.25,56.25,117.1875,119.79,3000,500,8.019000000000002e-05,0.007290000000000001,1.2,0.6499999999999999,0.00010673289,0.00029524499999999997,0.30000000000000004,../res/RFC_MAANDAG__250.csv,3,5,0.002867573369106342
250,500,matrix_conceptor,50.0,20.0,35.0,20.0,56.25,56.25,117.1875,119.79,3000,500,6.561e-05,0.007290000000000001,1.2,0.6499999999999999,0.00010673289,0.00029524499999999997,0.30000000000000004,../res/RFC_MAANDAG__250.csv,3,5,0.0027309412843992934
250,500,matrix_conceptor,50.0,20.0,35.0,20.0,56.25,56.25,117.1875,119.79,3000,500,5.9049e-05,0.007290000000000001,1.2,0.6499999999999999,0.00010673289,0.00029524499999999997,0.30000000000000004,../res/RFC_MAANDAG__250.csv,3,5,0.002899987234782557
250,500,matrix_conceptor,50.0,20.0,35.0,20.0,70.3125,56.25,117.1875,119.79,3000,500,5.9049e-05,0.007290000000000001,1.2,0.6499999999999999,0.00010673289,0.00029524499999999997,0.30000000000000004,../res/RFC_MAANDAG__250.csv,3,5,0.00285899854164341
250,500,matrix_conceptor,50.0,20.0,35.0,20.0,42.1875,56.25,117.1875,119.79,3000,500,5.9049e-05,0.007290000000000001,1.2,0.6499999999999999,0.00010673289,0.00029524499999999997,0.30000000000000004,../res/RFC_MAANDAG__250.csv,3,5,0.0030338344977927797
250,500,matrix_conceptor,50.0,20.0,35.0,20.0,52.734375,56.25,117.1875,119.79,3000,500,5.9049e-05,0.007290000000000001,1.2,0.6499999999999999,0.00010673289,0.00029524499999999997,0.30000000000000004,../res/RFC_MAANDAG__250.csv,3,5,0.0025845062835358965
250,500,matrix_conceptor,50.0,20.0,35.0,20.0,65.91796875,56.25,117.1875,119.79,3000,500,5.9049e-05,0.007290000000000001,1.2,0.6499999999999999,0.00010673289,0.00029524499999999997,0.30000000000000004,../res/RFC_MAANDAG__250.csv,3,5,0.0025250325710489967
250,500,matrix_conceptor,50.0,20.0,35.0,20.0,82.3974609375,56.25,117.1875,119.79,3000,500,5.9049e-05,0.007290000000000001,1.2,0.6499999999999999,0.00010673289,0.00029524499999999997,0.30000000000000004,../res/RFC_MAANDAG__250.csv,3,5,0.002603360112374782
250,500,matrix_conceptor,50.0,20.0,35.0,20.0,82.3974609375,70.3125,117.1875,119.79,3000,500,5.9049e-05,0.007290000000000001,1.2,0.6499999999999999,0.00010673289,0.00029524499999999997,0.30000000000000004,../res/RFC_MAANDAG__250.csv,3,5,0.002749068642740114
250,500,matrix_conceptor,50.0,20.0,35.0,20.0,82.3974609375,42.1875,117.1875,119.79,3000,500,5.9049e-05,0.007290000000000001,1.2,0.6499999999999999,0.00010673289,0.00029524499999999997,0.30000000000000004,../res/RFC_MAANDAG__250.csv,3,5,0.003093387182154372
250,500,matrix_conceptor,50.0,20.0,35.0,20.0,82.3974609375,56.25,146.484375,119.79,3000,500,5.9049e-05,0.007290000000000001,1.2,0.6499999999999999,0.00010673289,0.00029524499999999997,0.30000000000000004,../res/RFC_MAANDAG__250.csv,3,5,0.002825620898410981
250,500,matrix_conceptor,50.0,20.0,35.0,20.0,82.3974609375,56.25,87.890625,119.79,3000,500,5.9049e-05,0.007290000000000001,1.2,0.6499999999999999,0.00010673289,0.00029524499999999997,0.30000000000000004,../res/RFC_MAANDAG__250.csv,3,5,0.003386374516288618
250,500,matrix_conceptor,50.0,20.0,35.0,20.0,82.3974609375,56.25,109.86328125,119.79,3000,500,5.9049e-05,0.007290000000000001,1.2,0.6499999999999999,0.00010673289,0.00029524499999999997,0.30000000000000004,../res/RFC_MAANDAG__250.csv,3,5,0.0029746032484600066
250,500,matrix_conceptor,50.0,20.0,35.0,20.0,82.3974609375,56.25,137.3291015625,119.79,3000,500,5.9049e-05,0.007290000000000001,1.2,0.6499999999999999,0.00010673289,0.00029524499999999997,0.30000000000000004,../res/RFC_MAANDAG__250.csv,3,5,0.0030821607134880235
250,500,matrix_conceptor,50.0,20.0,35.0,20.0,82.3974609375,56.25,137.3291015625,131.769,3000,500,5.9049e-05,0.007290000000000001,1.2,0.6499999999999999,0.00010673289,0.00029524499999999997,0.30000000000000004,../res/RFC_MAANDAG__250.csv,3,5,0.00284671311724035
250,500,matrix_conceptor,50.0,20.0,35.0,20.0,82.3974609375,56.25,137.3291015625,107.811,3000,500,5.9049e-05,0.007290000000000001,1.2,0.6499999999999999,0.00010673289,0.00029524499999999997,0.30000000000000004,../res/RFC_MAANDAG__250.csv,3,5,0.0029489370001732538
250,500,matrix_conceptor,50.0,20.0,35.0,20.0,82.3974609375,56.25,137.3291015625,97.0299,3000,500,5.9049e-05,0.007290000000000001,1.2,0.6499999999999999,0.00010673289,0.00029524499999999997,0.30000000000000004,../res/RFC_MAANDAG__250.csv,3,5,0.00282910507510812
250,500,matrix_conceptor,50.0,20.0,35.0,20.0,82.3974609375,56.25,137.3291015625,87.32691,3000,500,5.9049e-05,0.007290000000000001,1.2,0.6499999999999999,0.00010673289,0.00029524499999999997,0.30000000000000004,../res/RFC_MAANDAG__250.csv,3,5,0.0025485589968652802
250,500,matrix_conceptor,50.0,20.0,35.0,20.0,82.3974609375,56.25,137.3291015625,78.594219,3000,500,5.9049e-05,0.007290000000000001,1.2,0.6499999999999999,0.00010673289,0.00029524499999999997,0.30000000000000004,../res/RFC_MAANDAG__250.csv,3,5,0.0027308795992773277
250,500,matrix_conceptor,50.0,20.0,35.0,20.0,82.3974609375,56.25,137.3291015625,78.594219,3000,500,5.9049e-05,0.008019000000000002,1.2,0.6499999999999999,0.00010673289,0.00029524499999999997,0.30000000000000004,../res/RFC_MAANDAG__250.csv,3,5,0.0031862052723713357
250,500,matrix_conceptor,50.0,20.0,35.0,20.0,82.3974609375,56.25,137.3291015625,78.594219,3000,500,5.9049e-05,0.006561000000000001,1.2,0.6499999999999999,0.00010673289,0.00029524499999999997,0.30000000000000004,../res/RFC_MAANDAG__250.csv,3,5,0.002644985202843353
250,500,matrix_conceptor,50.0,20.0,35.0,20.0,82.3974609375,56.25,137.3291015625,78.594219,3000,500,5.9049e-05,0.005904900000000001,1.2,0.6499999999999999,0.00010673289,0.00029524499999999997,0.30000000000000004,../res/RFC_MAANDAG__250.csv,3,5,0.0028627919211564865
250,500,matrix_conceptor,50.0,20.0,35.0,20.0,82.3974609375,56.25,137.3291015625,78.594219,3000,500,5.9049e-05,0.005904900000000001,1.25,0.6499999999999999,0.00010673289,0.00029524499999999997,0.30000000000000004,../res/RFC_MAANDAG__250.csv,3,5,0.0026843172021065345
250,500,matrix_conceptor,50.0,20.0,35.0,20.0,82.3974609375,56.25,137.3291015625,78.594219,3000,500,5.9049e-05,0.005904900000000001,1.15,0.6499999999999999,0.00010673289,0.00029524499999999997,0.30000000000000004,../res/RFC_MAANDAG__250.csv,3,5,0.002629513239483625
250,500,matrix_conceptor,50.0,20.0,35.0,20.0,82.3974609375,56.25,137.3291015625,78.594219,3000,500,5.9049e-05,0.005904900000000001,1.0999999999999999,0.6499999999999999,0.00010673289,0.00029524499999999997,0.30000000000000004,../res/RFC_MAANDAG__250.csv,3,5,0.002918855445475851
250,500,matrix_conceptor,50.0,20.0,35.0,20.0,82.3974609375,56.25,137.3291015625,78.594219,3000,500,5.9049e-05,0.005904900000000001,1.0999999999999999,0.7,0.00010673289,0.00029524499999999997,0.30000000000000004,../res/RFC_MAANDAG__250.csv,3,5,0.002871089576075398
250,500,matrix_conceptor,50.0,20.0,35.0,20.0,82.3974609375,56.25,137.3291015625,78.594219,3000,500,5.9049e-05,0.005904900000000001,1.0999999999999999,0.5999999999999999,0.00010673289,0.00029524499999999997,0.30000000000000004,../res/RFC_MAANDAG__250.csv,3,5,0.0029106357079794407
250,500,matrix_conceptor,50.0,20.0,35.0,20.0,82.3974609375,56.25,137.3291015625,78.594219,3000,500,5.9049e-05,0.005904900000000001,1.0999999999999999,0.6499999999999999,0.00010673289,0.00029524499999999997,0.35000000000000003,../res/RFC_MAANDAG__250.csv,3,5,0.0030044926745353443
250,500,matrix_conceptor,50.0,20.0,35.0,20.0,82.3974609375,56.25,137.3291015625,78.594219,3000,500,5.9049e-05,0.005904900000000001,1.0999999999999999,0.6499999999999999,0.00010673289,0.00029524499999999997,0.25000000000000006,../res/RFC_MAANDAG__250.csv,3,5,0.002883187986486914
250,500,matrix_conceptor,50.0,20.0,35.0,20.0,82.3974609375,56.25,137.3291015625,78.594219,3000,500,5.9049e-05,0.005904900000000001,1.0999999999999999,0.6499999999999999,0.00010673289,0.00029524499999999997,0.20000000000000007,../res/RFC_MAANDAG__250.csv,3,5,0.002842504922875273
250,500,matrix_conceptor,50.0,20.0,35.0,20.0,82.3974609375,56.25,137.3291015625,78.594219,3000,500,5.9049e-05,0.005904900000000001,1.0999999999999999,0.6499999999999999,0.00010673289,0.00029524499999999997,0.15000000000000008,../res/RFC_MAANDAG__250.csv,3,5,0.0025235569384421223
250,500,matrix_conceptor,50.0,20.0,35.0,20.0,82.3974609375,56.25,137.3291015625,78.594219,3000,500,5.9049e-05,0.005904900000000001,1.0999999999999999,0.6499999999999999,0.00010673289,0.00029524499999999997,0.10000000000000007,../res/RFC_MAANDAG__250.csv,3,5,0.0030921424287127914
250,500,matrix_conceptor,50.0,20.0,35.0,20.0,82.3974609375,56.25,137.3291015625,78.594219,3000,500,5.9049e-05,0.005904900000000001,1.0999999999999999,0.6499999999999999,0.00011740617900000001,0.00029524499999999997,0.10000000000000007,../res/RFC_MAANDAG__250.csv,3,5,0.0026164509817953987
250,500,matrix_conceptor,50.0,20.0,35.0,20.0,82.3974609375,56.25,137.3291015625,78.594219,3000,500,5.9049e-05,0.005904900000000001,1.0999999999999999,0.6499999999999999,9.6059601e-05,0.00029524499999999997,0.10000000000000007,../res/RFC_MAANDAG__250.csv,3,5,0.002775445591720292
250,500,matrix_conceptor,50.0,20.0,35.0,20.0,82.3974609375,56.25,137.3291015625,78.594219,3000,500,5.9049e-05,0.005904900000000001,1.0999999999999999,0.6499999999999999,8.645364089999999e-05,0.00029524499999999997,0.10000000000000007,../res/RFC_MAANDAG__250.csv,3,5,0.002995965093968853
250,500,matrix_conceptor,50.0,20.0,35.0,20.0,82.3974609375,56.25,137.3291015625,78.594219,3000,500,5.9049e-05,0.005904900000000001,1.0999999999999999,0.6499999999999999,8.645364089999999e-05,0.0003247695,0.10000000000000007,../res/RFC_MAANDAG__250.csv,3,5,0.002638502567921957
250,500,matrix_conceptor,50.0,20.0,35.0,20.0,82.3974609375,56.25,137.3291015625,78.594219,3000,500,5.9049e-05,0.005904900000000001,1.0999999999999999,0.6499999999999999,8.645364089999999e-05,0.00026572049999999995,0.10000000000000007,../res/RFC_MAANDAG__250.csv,3,5,0.002635980238147282
250,500,matrix_conceptor,50.0,20.0,35.0,20.0,82.3974609375,56.25,137.3291015625,78.594219,3000,500,6.495390000000001e-05,0.005904900000000001,1.0999999999999999,0.6499999999999999,8.645364089999999e-05,0.00029524499999999997,0.10000000000000007,../res/RFC_MAANDAG__250.csv,3,5,0.003109529626040775
250,500,matrix_conceptor,50.0,20.0,35.0,20.0,82.3974609375,56.25,137.3291015625,78.594219,3000,500,5.3144100000000005e-05,0.005904900000000001,1.0999999999999999,0.6499999999999999,8.645364089999999e-05,0.00029524499999999997,0.10000000000000007,../res/RFC_MAANDAG__250.csv,3,5,0.0031547304840897987
250,500,matrix_conceptor,50.0,20.0,35.0,20.0,102.996826171875,56.25,137.3291015625,78.594219,3000,500,5.9049e-05,0.005904900000000001,1.0999999999999999,0.6499999999999999,8.645364089999999e-05,0.00029524499999999997,0.10000000000000007,../res/RFC_MAANDAG__250.csv,3,5,0.003038850242598715
250,500,matrix_conceptor,50.0,20.0,35.0,20.0,61.798095703125,56.25,137.3291015625,78.594219,3000,500,5.9049e-05,0.005904900000000001,1.0999999999999999,0.6499999999999999,8.645364089999999e-05,0.00029524499999999997,0.10000000000000007,../res/RFC_MAANDAG__250.csv,3,5,0.0032618480791197445
250,500,matrix_conceptor,50.0,20.0,35.0,20.0,82.3974609375,70.3125,137.3291015625,78.594219,3000,500,5.9049e-05,0.005904900000000001,1.0999999999999999,0.6499999999999999,8.645364089999999e-05,0.00029524499999999997,0.10000000000000007,../res/RFC_MAANDAG__250.csv,3,5,0.002765387253381508
250,500,matrix_conceptor,50.0,20.0,35.0,20.0,82.3974609375,42.1875,137.3291015625,78.594219,3000,500,5.9049e-05,0.005904900000000001,1.0999999999999999,0.6499999999999999,8.645364089999999e-05,0.00029524499999999997,0.10000000000000007,../res/RFC_MAANDAG__250.csv,3,5,0.002767039303559141
250,500,matrix_conceptor,50.0,20.0,35.0,20.0,82.3974609375,31.640625,137.3291015625,78.594219,3000,500,5.9049e-05,0.005904900000000001,1.0999999999999999,0.6499999999999999,8.645364089999999e-05,0.00029524499999999997,0.10000000000000007,../res/RFC_MAANDAG__250.csv,3,5,0.003007712587469152
250,500,matrix_conceptor,50.0,20.0,35.0,20.0,82.3974609375,31.640625,171.661376953125,78.594219,3000,500,5.9049e-05,0.005904900000000001,1.0999999999999999,0.6499999999999999,8.645364089999999e-05,0.00029524499999999997,0.10000000000000007,../res/RFC_MAANDAG__250.csv,3,5,0.0029666128656876773
250,500,matrix_conceptor,50.0,20.0,35.0,20.0,82.3974609375,31.640625,102.996826171875,78.594219,3000,500,5.9049e-05,0.005904900000000001,1.0999999999999999,0.6499999999999999,8.645364089999999e-05,0.00029524499999999997,0.10000000000000007,../res/RFC_MAANDAG__250.csv,3,5,0.002610917748334459
250,500,matrix_conceptor,50.0,20.0,35.0,20.0,82.3974609375,31.640625,77.24761962890625,78.594219,3000,500,5.9049e-05,0.005904900000000001,1.0999999999999999,0.6499999999999999,8.645364089999999e-05,0.00029524499999999997,0.10000000000000007,../res/RFC_MAANDAG__250.csv,3,5,0.002793576130609854
250,500,matrix_conceptor,50.0,20.0,35.0,20.0,82.3974609375,31.640625,77.24761962890625,86.4536409,3000,500,5.9049e-05,0.005904900000000001,1.0999999999999999,0.6499999999999999,8.645364089999999e-05,0.00029524499999999997,0.10000000000000007,../res/RFC_MAANDAG__250.csv,3,5,0.0030386445543184957
250,500,matrix_conceptor,50.0,20.0,35.0,20.0,82.3974609375,31.640625,77.24761962890625,70.7347971,3000,500,5.9049e-05,0.005904900000000001,1.0999999999999999,0.6499999999999999,8.645364089999999e-05,0.00029524499999999997,0.10000000000000007,../res/RFC_MAANDAG__250.csv,3,5,0.0028824581202289206
250,500,matrix_conceptor,50.0,20.0,35.0,20.0,82.3974609375,31.640625,77.24761962890625,63.661317389999994,3000,500,5.9049e-05,0.005904900000000001,1.0999999999999999,0.6499999999999999,8.645364089999999e-05,0.00029524499999999997,0.10000000000000007,../res/RFC_MAANDAG__250.csv,3,5,0.002797858591850961
250,500,matrix_conceptor,50.0,20.0,35.0,20.0,82.3974609375,31.640625,77.24761962890625,57.295185651,3000,500,5.9049e-05,0.005904900000000001,1.0999999999999999,0.6499999999999999,8.645364089999999e-05,0.00029524499999999997,0.10000000000000007,../res/RFC_MAANDAG__250.csv,3,5,0.002600522548653907
250,500,matrix_conceptor,50.0,20.0,35.0,20.0,82.3974609375,31.640625,77.24761962890625,51.565667085899996,3000,500,5.9049e-05,0.005904900000000001,1.0999999999999999,0.6499999999999999,8.645364089999999e-05,0.00029524499999999997,0.10000000000000007,../res/RFC_MAANDAG__250.csv,3,5,0.0028767421339168583
250,500,matrix_conceptor,50.0,20.0,35.0,20.0,82.3974609375,31.640625,77.24761962890625,51.565667085899996,3000,500,5.9049e-05,0.006495390000000001,1.0999999999999999,0.6499999999999999,8.645364089999999e-05,0.00029524499999999997,0.10000000000000007,../res/RFC_MAANDAG__250.csv,3,5,0.0031567562726092005
250,500,matrix_conceptor,50.0,20.0,35.0,20.0,82.3974609375,31.640625,77.24761962890625,51.565667085899996,3000,500,5.9049e-05,0.005314410000000001,1.0999999999999999,0.6499999999999999,8.645364089999999e-05,0.00029524499999999997,0.10000000000000007,../res/RFC_MAANDAG__250.csv,3,5,0.0030046389942737922
250,500,matrix_conceptor,50.0,20.0,35.0,20.0,82.3974609375,31.640625,77.24761962890625,51.565667085899996,3000,500,5.9049e-05,0.005904900000000001,1.15,0.6499999999999999,8.645364089999999e-05,0.00029524499999999997,0.10000000000000007,../res/RFC_MAANDAG__250.csv,3,5,0.0028734865176173107
250,500,matrix_conceptor,50.0,20.0,35.0,20.0,82.3974609375,31.640625,77.24761962890625,51.565667085899996,3000,500,5.9049e-05,0.005904900000000001,1.0499999999999998,0.6499999999999999,8.645364089999999e-05,0.00029524499999999997,0.10000000000000007,../res/RFC_MAANDAG__250.csv,3,5,0.0027129522162828027
250,500,matrix_conceptor,50.0,20.0,35.0,20.0,82.3974609375,31.640625,77.24761962890625,51.565667085899996,3000,500,5.9049e-05,0.005904900000000001,0.9999999999999998,0.6499999999999999,8.645364089999999e-05,0.00029524499999999997,0.10000000000000007,../res/RFC_MAANDAG__250.csv,3,5,0.0026729902585977887
250,500,matrix_conceptor,50.0,20.0,35.0,20.0,82.3974609375,31.640625,77.24761962890625,51.565667085899996,3000,500,5.9049e-05,0.005904900000000001,0.9499999999999997,0.6499999999999999,8.645364089999999e-05,0.00029524499999999997,0.10000000000000007,../res/RFC_MAANDAG__250.csv,3,5,0.00268923649790263
250,500,matrix_conceptor,50.0,20.0,35.0,20.0,82.3974609375,31.640625,77.24761962890625,51.565667085899996,3000,500,5.9049e-05,0.005904900000000001,0.9499999999999997,0.7,8.645364089999999e-05,0.00029524499999999997,0.10000000000000007,../res/RFC_MAANDAG__250.csv,3,5,0.0029041907718612365
250,500,matrix_conceptor,50.0,20.0,35.0,20.0,82.3974609375,31.640625,77.24761962890625,51.565667085899996,3000,500,5.9049e-05,0.005904900000000001,0.9499999999999997,0.5999999999999999,8.645364089999999e-05,0.00029524499999999997,0.10000000000000007,../res/RFC_MAANDAG__250.csv,3,5,0.002631774365809942
250,500,matrix_conceptor,50.0,20.0,35.0,20.0,82.3974609375,31.640625,77.24761962890625,51.565667085899996,3000,500,5.9049e-05,0.005904900000000001,0.9499999999999997,0.5499999999999998,8.645364089999999e-05,0.00029524499999999997,0.10000000000000007,../res/RFC_MAANDAG__250.csv,3,5,0.003350460419450702
250,500,matrix_conceptor,50.0,20.0,35.0,20.0,82.3974609375,31.640625,77.24761962890625,51.565667085899996,3000,500,5.9049e-05,0.005904900000000001,0.9499999999999997,0.5499999999999998,8.645364089999999e-05,0.00029524499999999997,0.15000000000000008,../res/RFC_MAANDAG__250.csv,3,5,0.002432542376671888
250,500,matrix_conceptor,50.0,20.0,35.0,20.0,82.3974609375,31.640625,77.24761962890625,51.565667085899996,3000,500,5.9049e-05,0.005904900000000001,0.9499999999999997,0.5499999999999998,8.645364089999999e-05,0.00029524499999999997,0.05000000000000007,../res/RFC_MAANDAG__250.csv,3,5,0.0024961588121453202
