N,M,rfc_type,aperture_rossler_attractor_2d,aperture_lorenz_attractor_2d,aperture_mackey_glass_2d,aperture_henon_attractor_2d,n_adapt,washout,beta_W,beta_W_out,W_in_std,W_sr,noise_std,signal_noise,bias,experiment_name,cycles,n_rep,nrmse
500,500,matrix_conceptor,630.957344480193,398.1071705534973,1258.9254117941675,1000,3000,500,0.0001,0.01,1.2,0.6,0.00033,0.00693,0.4,../res/matrix_conceptor_500_tuesday.csv,3,5,0.0032583570900739786
500,500,matrix_conceptor,630.957344480193,398.1071705534973,1258.9254117941675,1000,3000,500,0.0001,0.01,1.2,0.6,0.00026999999999999995,0.00693,0.4,../res/matrix_conceptor_500_tuesday.csv,3,5,0.0021467981230449728
500,500,matrix_conceptor,630.957344480193,398.1071705534973,1258.9254117941675,1000,3000,500,0.0001,0.01,1.2,0.6,0.00024299999999999994,0.00693,0.4,../res/matrix_conceptor_500_tuesday.csv,3,5,0.003054774217081656
500,500,matrix_conceptor,630.957344480193,398.1071705534973,1258.9254117941675,1000,3000,500,0.0001,0.01,1.2,0.6,0.00024299999999999994,0.0076230000000000004,0.4,../res/matrix_conceptor_500_tuesday.csv,3,5,0.0026173215298677496
500,500,matrix_conceptor,630.957344480193,398.1071705534973,1258.9254117941675,1000,3000,500,0.0001,0.01,1.2,0.6,0.00024299999999999994,0.006237,0.4,../res/matrix_conceptor_500_tuesday.csv,3,5,0.0027855687116149002
500,500,matrix_conceptor,630.957344480193,398.1071705534973,1258.9254117941675,1000,3000,500,0.00011,0.01,1.2,0.6,0.00024299999999999994,0.00693,0.4,../res/matrix_conceptor_500_tuesday.csv,3,5,0.00292046044846831
500,500,matrix_conceptor,630.957344480193,398.1071705534973,1258.9254117941675,1000,3000,500,9e-05,0.01,1.2,0.6,0.00024299999999999994,0.00693,0.4,../res/matrix_conceptor_500_tuesday.csv,3,5,0.0025752940854202634
500,500,matrix_conceptor,757.1488133762316,398.1071705534973,1258.9254117941675,1000,3000,500,0.0001,0.01,1.2,0.6,0.00024299999999999994,0.00693,0.4,../res/matrix_conceptor_500_tuesday.csv,3,5,0.0031005950273111926
500,500,matrix_conceptor,504.7658755841544,398.1071705534973,1258.9254117941675,1000,3000,500,0.0001,0.01,1.2,0.6,0.00024299999999999994,0.00693,0.4,../res/matrix_conceptor_500_tuesday.csv,3,5,0.002577542373892804
500,500,matrix_conceptor,403.8127004673235,398.1071705534973,1258.9254117941675,1000,3000,500,0.0001,0.01,1.2,0.6,0.00024299999999999994,0.00693,0.4,../res/matrix_conceptor_500_tuesday.csv,3,5,0.0026723560486246944
500,500,matrix_conceptor,403.8127004673235,477.7286046641968,1258.9254117941675,1000,3000,500,0.0001,0.01,1.2,0.6,0.00024299999999999994,0.00693,0.4,../res/matrix_conceptor_500_tuesday.csv,3,5,0.0026696584688171232
500,500,matrix_conceptor,403.8127004673235,318.4857364427979,1258.9254117941675,1000,3000,500,0.0001,0.01,1.2,0.6,0.00024299999999999994,0.00693,0.4,../res/matrix_conceptor_500_tuesday.csv,3,5,0.00289270092894719
500,500,matrix_conceptor,403.8127004673235,398.1071705534973,1510.710494153001,1000,3000,500,0.0001,0.01,1.2,0.6,0.00024299999999999994,0.00693,0.4,../res/matrix_conceptor_500_tuesday.csv,3,5,0.002494391399491437
500,500,matrix_conceptor,403.8127004673235,398.1071705534973,1007.140329435334,1000,3000,500,0.0001,0.01,1.2,0.6,0.00024299999999999994,0.00693,0.4,../res/matrix_conceptor_500_tuesday.csv,3,5,0.0023497729356297273
500,500,matrix_conceptor,403.8127004673235,398.1071705534973,805.7122635482672,1000,3000,500,0.0001,0.01,1.2,0.6,0.00024299999999999994,0.00693,0.4,../res/matrix_conceptor_500_tuesday.csv,3,5,0.0031274988005945553
500,500,matrix_conceptor,403.8127004673235,398.1071705534973,805.7122635482672,1200.0,3000,500,0.0001,0.01,1.2,0.6,0.00024299999999999994,0.00693,0.4,../res/matrix_conceptor_500_tuesday.csv,3,5,0.0024057061100094196
500,500,matrix_conceptor,403.8127004673235,398.1071705534973,805.7122635482672,800.0,3000,500,0.0001,0.01,1.2,0.6,0.00024299999999999994,0.00693,0.4,../res/matrix_conceptor_500_tuesday.csv,3,5,0.0026740036495369905
500,500,matrix_conceptor,403.8127004673235,398.1071705534973,805.7122635482672,960.0,3000,500,0.0001,0.01,1.2,0.6,0.00024299999999999994,0.00693,0.4,../res/matrix_conceptor_500_tuesday.csv,3,5,0.00262702271363833
500,500,matrix_conceptor,403.8127004673235,398.1071705534973,805.7122635482672,1152.0,3000,500,0.0001,0.01,1.2,0.6,0.00024299999999999994,0.00693,0.4,../res/matrix_conceptor_500_tuesday.csv,3,5,0.002512036073652261
500,500,matrix_conceptor,403.8127004673235,398.1071705534973,805.7122635482672,1382.4,3000,500,0.0001,0.01,1.2,0.6,0.00024299999999999994,0.00693,0.4,../res/matrix_conceptor_500_tuesday.csv,3,5,0.0024743489146344475
500,500,matrix_conceptor,403.8127004673235,398.1071705534973,805.7122635482672,1658.88,3000,500,0.0001,0.01,1.2,0.6,0.00024299999999999994,0.00693,0.4,../res/matrix_conceptor_500_tuesday.csv,3,5,0.002464983890676653
500,500,matrix_conceptor,403.8127004673235,398.1071705534973,805.7122635482672,1990.6560000000002,3000,500,0.0001,0.01,1.2,0.6,0.00024299999999999994,0.00693,0.4,../res/matrix_conceptor_500_tuesday.csv,3,5,0.0025154723216023003
500,500,matrix_conceptor,403.8127004673235,398.1071705534973,805.7122635482672,1990.6560000000002,3000,500,0.0001,0.011,1.2,0.6,0.00024299999999999994,0.00693,0.4,../res/matrix_conceptor_500_tuesday.csv,3,5,0.002605997761995135
500,500,matrix_conceptor,403.8127004673235,398.1071705534973,805.7122635482672,1990.6560000000002,3000,500,0.0001,0.009000000000000001,1.2,0.6,0.00024299999999999994,0.00693,0.4,../res/matrix_conceptor_500_tuesday.csv,3,5,0.002848297534025165
500,500,matrix_conceptor,403.8127004673235,398.1071705534973,805.7122635482672,1990.6560000000002,3000,500,0.0001,0.01,1.25,0.6,0.00024299999999999994,0.00693,0.4,../res/matrix_conceptor_500_tuesday.csv,3,5,0.002501857479551373
500,500,matrix_conceptor,403.8127004673235,398.1071705534973,805.7122635482672,1990.6560000000002,3000,500,0.0001,0.01,1.15,0.6,0.00024299999999999994,0.00693,0.4,../res/matrix_conceptor_500_tuesday.csv,3,5,0.0022521034210690877
500,500,matrix_conceptor,403.8127004673235,398.1071705534973,805.7122635482672,1990.6560000000002,3000,500,0.0001,0.01,1.0999999999999999,0.6,0.00024299999999999994,0.00693,0.4,../res/matrix_conceptor_500_tuesday.csv,3,5,0.0025233363512179837
500,500,matrix_conceptor,403.8127004673235,398.1071705534973,805.7122635482672,1990.6560000000002,3000,500,0.0001,0.01,1.0999999999999999,0.65,0.00024299999999999994,0.00693,0.4,../res/matrix_conceptor_500_tuesday.csv,3,5,0.0026383998818489017
500,500,matrix_conceptor,403.8127004673235,398.1071705534973,805.7122635482672,1990.6560000000002,3000,500,0.0001,0.01,1.0999999999999999,0.5499999999999999,0.00024299999999999994,0.00693,0.4,../res/matrix_conceptor_500_tuesday.csv,3,5,0.0026677733338419073
500,500,matrix_conceptor,403.8127004673235,398.1071705534973,805.7122635482672,1990.6560000000002,3000,500,0.0001,0.01,1.0999999999999999,0.6,0.00024299999999999994,0.00693,0.45,../res/matrix_conceptor_500_tuesday.csv,3,5,0.002592162610755997
500,500,matrix_conceptor,403.8127004673235,398.1071705534973,805.7122635482672,1990.6560000000002,3000,500,0.0001,0.01,1.0999999999999999,0.6,0.00024299999999999994,0.00693,0.35000000000000003,../res/matrix_conceptor_500_tuesday.csv,3,5,0.0026960187467811587
500,500,matrix_conceptor,403.8127004673235,398.1071705534973,805.7122635482672,1990.6560000000002,3000,500,0.0001,0.01,1.0999999999999999,0.6,0.00026729999999999994,0.00693,0.4,../res/matrix_conceptor_500_tuesday.csv,3,5,0.0024665367601273192
500,500,matrix_conceptor,403.8127004673235,398.1071705534973,805.7122635482672,1990.6560000000002,3000,500,0.0001,0.01,1.0999999999999999,0.6,0.00021869999999999995,0.00693,0.4,../res/matrix_conceptor_500_tuesday.csv,3,5,0.00228899707877648
500,500,matrix_conceptor,403.8127004673235,398.1071705534973,805.7122635482672,1990.6560000000002,3000,500,0.0001,0.01,1.0999999999999999,0.6,0.00019682999999999994,0.00693,0.4,../res/matrix_conceptor_500_tuesday.csv,3,5,0.0030034320364587127
500,500,matrix_conceptor,403.8127004673235,398.1071705534973,805.7122635482672,1990.6560000000002,3000,500,0.0001,0.01,1.0999999999999999,0.6,0.00019682999999999994,0.0076230000000000004,0.4,../res/matrix_conceptor_500_tuesday.csv,3,5,0.002717689214822773
500,500,matrix_conceptor,403.8127004673235,398.1071705534973,805.7122635482672,1990.6560000000002,3000,500,0.0001,0.01,1.0999999999999999,0.6,0.00019682999999999994,0.006237,0.4,../res/matrix_conceptor_500_tuesday.csv,3,5,0.0026380512778363284
500,500,matrix_conceptor,403.8127004673235,398.1071705534973,805.7122635482672,1990.6560000000002,3000,500,0.00011,0.01,1.0999999999999999,0.6,0.00019682999999999994,0.00693,0.4,../res/matrix_conceptor_500_tuesday.csv,3,5,0.0023830333380998638
500,500,matrix_conceptor,403.8127004673235,398.1071705534973,805.7122635482672,1990.6560000000002,3000,500,9e-05,0.01,1.0999999999999999,0.6,0.00019682999999999994,0.00693,0.4,../res/matrix_conceptor_500_tuesday.csv,3,5,0.00267283597859812
500,500,matrix_conceptor,403.8127004673235,398.1071705534973,805.7122635482672,1990.6560000000002,3000,500,9.900000000000001e-05,0.01,1.0999999999999999,0.6,0.00019682999999999994,0.00693,0.4,../res/matrix_conceptor_500_tuesday.csv,3,5,0.0027617302362426166
500,500,matrix_conceptor,484.5752405607882,398.1071705534973,805.7122635482672,1990.6560000000002,3000,500,9.900000000000001e-05,0.01,1.0999999999999999,0.6,0.00019682999999999994,0.00693,0.4,../res/matrix_conceptor_500_tuesday.csv,3,5,0.0028900153665909903
500,500,matrix_conceptor,323.05016037385883,398.1071705534973,805.7122635482672,1990.6560000000002,3000,500,9.900000000000001e-05,0.01,1.0999999999999999,0.6,0.00019682999999999994,0.00693,0.4,../res/matrix_conceptor_500_tuesday.csv,3,5,0.002573273300783839
500,500,matrix_conceptor,403.8127004673235,477.7286046641968,805.7122635482672,1990.6560000000002,3000,500,9.900000000000001e-05,0.01,1.0999999999999999,0.6,0.00019682999999999994,0.00693,0.4,../res/matrix_conceptor_500_tuesday.csv,3,5,0.002692164926412277
500,500,matrix_conceptor,630.957344480193,398.1071705534973,1258.9254117941675,1000,3000,500,0.0001,0.01,1.2,0.6,0.00033,0.00693,0.4,../res/matrix_conceptor_500_tuesday.csv,5,5,0.002712678362242174
500,500,matrix_conceptor,630.957344480193,398.1071705534973,1258.9254117941675,1000,3000,500,0.0001,0.01,1.2,0.6,0.00026999999999999995,0.00693,0.4,../res/matrix_conceptor_500_tuesday.csv,5,5,0.002884146632341958
500,500,matrix_conceptor,630.957344480193,398.1071705534973,1258.9254117941675,1000,3000,500,0.0001,0.01,1.2,0.6,0.00029699999999999996,0.00693,0.4,../res/matrix_conceptor_500_tuesday.csv,5,5,0.0026798656177766667
500,500,matrix_conceptor,630.957344480193,398.1071705534973,1258.9254117941675,1000,3000,500,0.0001,0.01,1.2,0.6,0.00032669999999999997,0.00693,0.4,../res/matrix_conceptor_500_tuesday.csv,5,5,0.0023556699585918365
500,500,matrix_conceptor,630.957344480193,398.1071705534973,1258.9254117941675,1000,3000,500,0.0001,0.01,1.2,0.6,0.00035936999999999997,0.00693,0.4,../res/matrix_conceptor_500_tuesday.csv,5,5,0.002277856694706474
500,500,matrix_conceptor,630.957344480193,398.1071705534973,1258.9254117941675,1000,3000,500,0.0001,0.01,1.2,0.6,0.00039530699999999996,0.00693,0.4,../res/matrix_conceptor_500_tuesday.csv,5,5,0.0028500699881286386
500,500,matrix_conceptor,630.957344480193,398.1071705534973,1258.9254117941675,1000,3000,500,0.0001,0.01,1.2,0.6,0.00039530699999999996,0.0076230000000000004,0.4,../res/matrix_conceptor_500_tuesday.csv,5,5,0.0026031341424278738
500,500,matrix_conceptor,630.957344480193,398.1071705534973,1258.9254117941675,1000,3000,500,0.0001,0.01,1.2,0.6,0.00039530699999999996,0.006237,0.4,../res/matrix_conceptor_500_tuesday.csv,5,5,0.002529624075312118
500,500,matrix_conceptor,630.957344480193,398.1071705534973,1258.9254117941675,1000,3000,500,0.0001,0.01,1.2,0.6,0.00039530699999999996,0.0056133,0.4,../res/matrix_conceptor_500_tuesday.csv,5,5,0.0025254664615604926
500,500,matrix_conceptor,630.957344480193,398.1071705534973,1258.9254117941675,1000,3000,500,0.0001,0.01,1.2,0.6,0.00039530699999999996,0.00505197,0.4,../res/matrix_conceptor_500_tuesday.csv,5,5,0.002863648398377952
500,500,matrix_conceptor,630.957344480193,398.1071705534973,1258.9254117941675,1000,3000,500,0.00011,0.01,1.2,0.6,0.00039530699999999996,0.00505197,0.4,../res/matrix_conceptor_500_tuesday.csv,5,5,0.0026705716026250016
500,500,matrix_conceptor,630.957344480193,398.1071705534973,1258.9254117941675,1000,3000,500,9e-05,0.01,1.2,0.6,0.00039530699999999996,0.00505197,0.4,../res/matrix_conceptor_500_tuesday.csv,5,5,0.002648000513480211
500,500,matrix_conceptor,630.957344480193,398.1071705534973,1258.9254117941675,1000,3000,500,8.1e-05,0.01,1.2,0.6,0.00039530699999999996,0.00505197,0.4,../res/matrix_conceptor_500_tuesday.csv,5,5,0.002717921217408417
500,500,matrix_conceptor,757.1488133762316,398.1071705534973,1258.9254117941675,1000,3000,500,8.1e-05,0.01,1.2,0.6,0.00039530699999999996,0.00505197,0.4,../res/matrix_conceptor_500_tuesday.csv,5,5,0.002602774058309709
500,500,matrix_conceptor,504.7658755841544,398.1071705534973,1258.9254117941675,1000,3000,500,8.1e-05,0.01,1.2,0.6,0.00039530699999999996,0.00505197,0.4,../res/matrix_conceptor_500_tuesday.csv,5,5,0.0025559775096819174
500,500,matrix_conceptor,630.957344480193,477.7286046641968,1258.9254117941675,1000,3000,500,8.1e-05,0.01,1.2,0.6,0.00039530699999999996,0.00505197,0.4,../res/matrix_conceptor_500_tuesday.csv,5,5,0.0023297568366470105
500,500,matrix_conceptor,630.957344480193,318.4857364427979,1258.9254117941675,1000,3000,500,8.1e-05,0.01,1.2,0.6,0.00039530699999999996,0.00505197,0.4,../res/matrix_conceptor_500_tuesday.csv,5,5,0.0027524386121387497
500,500,matrix_conceptor,630.957344480193,398.1071705534973,1510.710494153001,1000,3000,500,8.1e-05,0.01,1.2,0.6,0.00039530699999999996,0.00505197,0.4,../res/matrix_conceptor_500_tuesday.csv,5,5,0.0025319980903384153
500,500,matrix_conceptor,630.957344480193,398.1071705534973,1007.140329435334,1000,3000,500,8.1e-05,0.01,1.2,0.6,0.00039530699999999996,0.00505197,0.4,../res/matrix_conceptor_500_tuesday.csv,5,5,0.002862730597001205
500,500,matrix_conceptor,630.957344480193,398.1071705534973,1208.5683953224009,1000,3000,500,8.1e-05,0.01,1.2,0.6,0.00039530699999999996,0.00505197,0.4,../res/matrix_conceptor_500_tuesday.csv,5,5,0.0023373230904404976
500,500,matrix_conceptor,630.957344480193,398.1071705534973,1450.282074386881,1000,3000,500,8.1e-05,0.01,1.2,0.6,0.00039530699999999996,0.00505197,0.4,../res/matrix_conceptor_500_tuesday.csv,5,5,0.002346523610561144
500,500,matrix_conceptor,630.957344480193,398.1071705534973,1450.282074386881,1200.0,3000,500,8.1e-05,0.01,1.2,0.6,0.00039530699999999996,0.00505197,0.4,../res/matrix_conceptor_500_tuesday.csv,5,5,0.0027190647174026067
500,500,matrix_conceptor,630.957344480193,398.1071705534973,1450.282074386881,800.0,3000,500,8.1e-05,0.01,1.2,0.6,0.00039530699999999996,0.00505197,0.4,../res/matrix_conceptor_500_tuesday.csv,5,5,0.002759970829899468
500,500,matrix_conceptor,630.957344480193,398.1071705534973,1450.282074386881,1000,3000,500,8.1e-05,0.011,1.2,0.6,0.00039530699999999996,0.00505197,0.4,../res/matrix_conceptor_500_tuesday.csv,5,5,0.002453144179381287
500,500,matrix_conceptor,630.957344480193,398.1071705534973,1450.282074386881,1000,3000,500,8.1e-05,0.009000000000000001,1.2,0.6,0.00039530699999999996,0.00505197,0.4,../res/matrix_conceptor_500_tuesday.csv,5,5,0.0022890100688548057
500,500,matrix_conceptor,630.957344480193,398.1071705534973,1450.282074386881,1000,3000,500,8.1e-05,0.008100000000000001,1.2,0.6,0.00039530699999999996,0.00505197,0.4,../res/matrix_conceptor_500_tuesday.csv,5,5,0.002712273649336271
500,500,matrix_conceptor,630.957344480193,398.1071705534973,1450.282074386881,1000,3000,500,8.1e-05,0.008100000000000001,1.25,0.6,0.00039530699999999996,0.00505197,0.4,../res/matrix_conceptor_500_tuesday.csv,5,5,0.0026488789068844333
500,500,matrix_conceptor,630.957344480193,398.1071705534973,1450.282074386881,1000,3000,500,8.1e-05,0.008100000000000001,1.15,0.6,0.00039530699999999996,0.00505197,0.4,../res/matrix_conceptor_500_tuesday.csv,5,5,0.0026744914572678705
500,500,matrix_conceptor,630.957344480193,398.1071705534973,1450.282074386881,1000,3000,500,8.1e-05,0.008100000000000001,1.2,0.65,0.00039530699999999996,0.00505197,0.4,../res/matrix_conceptor_500_tuesday.csv,5,5,0.002984409773393027
500,500,matrix_conceptor,630.957344480193,398.1071705534973,1450.282074386881,1000,3000,500,8.1e-05,0.008100000000000001,1.2,0.5499999999999999,0.00039530699999999996,0.00505197,0.4,../res/matrix_conceptor_500_tuesday.csv,5,5,0.002167013763383502
500,500,matrix_conceptor,630.957344480193,398.1071705534973,1450.282074386881,1000,3000,500,8.1e-05,0.008100000000000001,1.2,0.49999999999999994,0.00039530699999999996,0.00505197,0.4,../res/matrix_conceptor_500_tuesday.csv,5,5,0.002787324397155897
500,500,matrix_conceptor,630.957344480193,398.1071705534973,1450.282074386881,1000,3000,500,8.1e-05,0.008100000000000001,1.2,0.49999999999999994,0.00039530699999999996,0.00505197,0.45,../res/matrix_conceptor_500_tuesday.csv,5,5,0.002505720238692978
500,500,matrix_conceptor,630.957344480193,398.1071705534973,1450.282074386881,1000,3000,500,8.1e-05,0.008100000000000001,1.2,0.49999999999999994,0.00039530699999999996,0.00505197,0.35000000000000003,../res/matrix_conceptor_500_tuesday.csv,5,5,0.0031061930316004416
500,500,matrix_conceptor,630.957344480193,398.1071705534973,1450.282074386881,1000,3000,500,8.1e-05,0.008100000000000001,1.2,0.49999999999999994,0.00039530699999999996,0.00505197,0.4,../res/matrix_conceptor_500_tuesday.csv,5,5,0.002777491819321055
500,500,matrix_conceptor,630.957344480193,398.1071705534973,1450.282074386881,1000,3000,500,8.1e-05,0.008100000000000001,1.2,0.49999999999999994,0.00039530699999999996,0.00505197,0.45,../res/matrix_conceptor_500_tuesday.csv,5,5,0.0025428971391524948
500,500,matrix_conceptor,630.957344480193,398.1071705534973,1450.282074386881,1000,3000,500,8.1e-05,0.008100000000000001,1.2,0.49999999999999994,0.00039530699999999996,0.00505197,0.5,../res/matrix_conceptor_500_tuesday.csv,5,5,0.0027316550796910497
500,500,matrix_conceptor,630.957344480193,398.1071705534973,1450.282074386881,1000,3000,500,8.1e-05,0.008100000000000001,1.2,0.49999999999999994,0.00043483769999999995,0.00505197,0.5,../res/matrix_conceptor_500_tuesday.csv,5,5,0.0026717219609735795
500,500,matrix_conceptor,630.957344480193,398.1071705534973,1450.282074386881,1000,3000,500,8.1e-05,0.008100000000000001,1.2,0.49999999999999994,0.00035577629999999997,0.00505197,0.5,../res/matrix_conceptor_500_tuesday.csv,5,5,0.002785096330189063
500,500,matrix_conceptor,630.957344480193,398.1071705534973,1450.282074386881,1000,3000,500,8.1e-05,0.008100000000000001,1.2,0.49999999999999994,0.00039530699999999996,0.005557167,0.5,../res/matrix_conceptor_500_tuesday.csv,5,5,0.00248612837366571
500,500,matrix_conceptor,630.957344480193,398.1071705534973,1450.282074386881,1000,3000,500,8.1e-05,0.008100000000000001,1.2,0.49999999999999994,0.00039530699999999996,0.0045467730000000005,0.5,../res/matrix_conceptor_500_tuesday.csv,5,5,0.0029885619085300167
500,500,matrix_conceptor,630.957344480193,398.1071705534973,1450.282074386881,1000,3000,500,8.1e-05,0.008100000000000001,1.2,0.49999999999999994,0.00039530699999999996,0.005001450300000001,0.5,../res/matrix_conceptor_500_tuesday.csv,5,5,0.002947541159500867
500,500,matrix_conceptor,630.957344480193,398.1071705534973,1450.282074386881,1000,3000,500,8.1e-05,0.008100000000000001,1.2,0.49999999999999994,0.00039530699999999996,0.005501595330000001,0.5,../res/matrix_conceptor_500_tuesday.csv,5,5,0.002435980745063143
500,500,matrix_conceptor,630.957344480193,398.1071705534973,1450.282074386881,1000,3000,500,8.1e-05,0.008100000000000001,1.2,0.49999999999999994,0.00039530699999999996,0.006051754863000001,0.5,../res/matrix_conceptor_500_tuesday.csv,5,5,0.003031966785950067
500,500,matrix_conceptor,630.957344480193,398.1071705534973,1450.282074386881,1000,3000,500,8.91e-05,0.008100000000000001,1.2,0.49999999999999994,0.00039530699999999996,0.006051754863000001,0.5,../res/matrix_conceptor_500_tuesday.csv,5,5,0.002561368704659459
500,500,matrix_conceptor,630.957344480193,398.1071705534973,1450.282074386881,1000,3000,500,7.290000000000001e-05,0.008100000000000001,1.2,0.49999999999999994,0.00039530699999999996,0.006051754863000001,0.5,../res/matrix_conceptor_500_tuesday.csv,5,5,0.0023126219296037915
500,500,matrix_conceptor,630.957344480193,398.1071705534973,1450.282074386881,1000,3000,500,6.561e-05,0.008100000000000001,1.2,0.49999999999999994,0.00039530699999999996,0.006051754863000001,0.5,../res/matrix_conceptor_500_tuesday.csv,5,5,0.0028809504710272
500,500,matrix_conceptor,757.1488133762316,398.1071705534973,1450.282074386881,1000,3000,500,6.561e-05,0.008100000000000001,1.2,0.49999999999999994,0.00039530699999999996,0.006051754863000001,0.5,../res/matrix_conceptor_500_tuesday.csv,5,5,0.0022008273348193843
500,500,matrix_conceptor,504.7658755841544,398.1071705534973,1450.282074386881,1000,3000,500,6.561e-05,0.008100000000000001,1.2,0.49999999999999994,0.00039530699999999996,0.006051754863000001,0.5,../res/matrix_conceptor_500_tuesday.csv,5,5,0.0030889104822086288
500,500,matrix_conceptor,605.7190507009852,398.1071705534973,1450.282074386881,1000,3000,500,6.561e-05,0.008100000000000001,1.2,0.49999999999999994,0.00039530699999999996,0.006051754863000001,0.5,../res/matrix_conceptor_500_tuesday.csv,5,5,0.0030121353665596823
500,500,matrix_conceptor,726.8628608411823,398.1071705534973,1450.282074386881,1000,3000,500,6.561e-05,0.008100000000000001,1.2,0.49999999999999994,0.00039530699999999996,0.006051754863000001,0.5,../res/matrix_conceptor_500_tuesday.csv,5,5,0.0028072050411886416
500,500,matrix_conceptor,872.2354330094188,398.1071705534973,1450.282074386881,1000,3000,500,6.561e-05,0.008100000000000001,1.2,0.49999999999999994,0.00039530699999999996,0.006051754863000001,0.5,../res/matrix_conceptor_500_tuesday.csv,5,5,0.00279748989957341
500,500,matrix_conceptor,1046.6825196113025,398.1071705534973,1450.282074386881,1000,3000,500,6.561e-05,0.008100000000000001,1.2,0.49999999999999994,0.00039530699999999996,0.006051754863000001,0.5,../res/matrix_conceptor_500_tuesday.csv,5,5,0.0028138145940600646
500,500,matrix_conceptor,1046.6825196113025,477.7286046641968,1450.282074386881,1000,3000,500,6.561e-05,0.008100000000000001,1.2,0.49999999999999994,0.00039530699999999996,0.006051754863000001,0.5,../res/matrix_conceptor_500_tuesday.csv,5,5,0.0028889016321340588
500,500,matrix_conceptor,1046.6825196113025,318.4857364427979,1450.282074386881,1000,3000,500,6.561e-05,0.008100000000000001,1.2,0.49999999999999994,0.00039530699999999996,0.006051754863000001,0.5,../res/matrix_conceptor_500_tuesday.csv,5,5,0.0029750369945680706
500,500,matrix_conceptor,1046.6825196113025,398.1071705534973,1740.3384892642573,1000,3000,500,6.561e-05,0.008100000000000001,1.2,0.49999999999999994,0.00039530699999999996,0.006051754863000001,0.5,../res/matrix_conceptor_500_tuesday.csv,5,5,0.0026053824780733676
500,500,matrix_conceptor,1046.6825196113025,398.1071705534973,1160.2256595095048,1000,3000,500,6.561e-05,0.008100000000000001,1.2,0.49999999999999994,0.00039530699999999996,0.006051754863000001,0.5,../res/matrix_conceptor_500_tuesday.csv,5,5,0.0023872922345008845
500,500,matrix_conceptor,1046.6825196113025,398.1071705534973,928.1805276076038,1000,3000,500,6.561e-05,0.008100000000000001,1.2,0.49999999999999994,0.00039530699999999996,0.006051754863000001,0.5,../res/matrix_conceptor_500_tuesday.csv,5,5,0.0027349161569446266
500,500,matrix_conceptor,1046.6825196113025,398.1071705534973,928.1805276076038,1200.0,3000,500,6.561e-05,0.008100000000000001,1.2,0.49999999999999994,0.00039530699999999996,0.006051754863000001,0.5,../res/matrix_conceptor_500_tuesday.csv,5,5,0.0023370759594275987
500,500,matrix_conceptor,1046.6825196113025,398.1071705534973,928.1805276076038,800.0,3000,500,6.561e-05,0.008100000000000001,1.2,0.49999999999999994,0.00039530699999999996,0.006051754863000001,0.5,../res/matrix_conceptor_500_tuesday.csv,5,5,0.0025402128214642703
500,500,matrix_conceptor,1046.6825196113025,398.1071705534973,928.1805276076038,640.0,3000,500,6.561e-05,0.008100000000000001,1.2,0.49999999999999994,0.00039530699999999996,0.006051754863000001,0.5,../res/matrix_conceptor_500_tuesday.csv,5,5,0.00278207131686214
500,500,matrix_conceptor,1046.6825196113025,398.1071705534973,928.1805276076038,640.0,3000,500,6.561e-05,0.008910000000000001,1.2,0.49999999999999994,0.00039530699999999996,0.006051754863000001,0.5,../res/matrix_conceptor_500_tuesday.csv,5,5,0.0024452309554253405
500,500,matrix_conceptor,1046.6825196113025,398.1071705534973,928.1805276076038,640.0,3000,500,6.561e-05,0.007290000000000001,1.2,0.49999999999999994,0.00039530699999999996,0.006051754863000001,0.5,../res/matrix_conceptor_500_tuesday.csv,5,5,0.0027228109897308134
500,500,matrix_conceptor,1046.6825196113025,398.1071705534973,928.1805276076038,640.0,3000,500,6.561e-05,0.008019000000000002,1.2,0.49999999999999994,0.00039530699999999996,0.006051754863000001,0.5,../res/matrix_conceptor_500_tuesday.csv,5,5,0.0026926896035515983
500,500,matrix_conceptor,1046.6825196113025,398.1071705534973,928.1805276076038,640.0,3000,500,6.561e-05,0.008820900000000001,1.2,0.49999999999999994,0.00039530699999999996,0.006051754863000001,0.5,../res/matrix_conceptor_500_tuesday.csv,5,5,0.00277552131006046
500,500,matrix_conceptor,1046.6825196113025,398.1071705534973,928.1805276076038,640.0,3000,500,6.561e-05,0.008820900000000001,1.25,0.49999999999999994,0.00039530699999999996,0.006051754863000001,0.5,../res/matrix_conceptor_500_tuesday.csv,5,5,0.002745799702353954
500,500,matrix_conceptor,1046.6825196113025,398.1071705534973,928.1805276076038,640.0,3000,500,6.561e-05,0.008820900000000001,1.15,0.49999999999999994,0.00039530699999999996,0.006051754863000001,0.5,../res/matrix_conceptor_500_tuesday.csv,5,5,0.0026396343016309616
500,500,matrix_conceptor,1046.6825196113025,398.1071705534973,928.1805276076038,640.0,3000,500,6.561e-05,0.008820900000000001,1.2,0.5499999999999999,0.00039530699999999996,0.006051754863000001,0.5,../res/matrix_conceptor_500_tuesday.csv,5,5,0.002370504594819484
500,500,matrix_conceptor,1046.6825196113025,398.1071705534973,928.1805276076038,640.0,3000,500,6.561e-05,0.008820900000000001,1.2,0.44999999999999996,0.00039530699999999996,0.006051754863000001,0.5,../res/matrix_conceptor_500_tuesday.csv,5,5,0.002852354767440671
500,500,matrix_conceptor,1046.6825196113025,398.1071705534973,928.1805276076038,640.0,3000,500,6.561e-05,0.008820900000000001,1.2,0.49999999999999994,0.00039530699999999996,0.006051754863000001,0.5,../res/matrix_conceptor_500_tuesday.csv,5,5,0.0023045631719912987
500,500,matrix_conceptor,1046.6825196113025,398.1071705534973,928.1805276076038,640.0,3000,500,6.561e-05,0.008820900000000001,1.2,0.5499999999999999,0.00039530699999999996,0.006051754863000001,0.5,../res/matrix_conceptor_500_tuesday.csv,5,5,0.002650999535560008
500,500,matrix_conceptor,1046.6825196113025,398.1071705534973,928.1805276076038,640.0,3000,500,6.561e-05,0.008820900000000001,1.2,0.5499999999999999,0.00039530699999999996,0.006051754863000001,0.55,../res/matrix_conceptor_500_tuesday.csv,5,5,0.0024125352825055185
500,500,matrix_conceptor,1046.6825196113025,398.1071705534973,928.1805276076038,640.0,3000,500,6.561e-05,0.008820900000000001,1.2,0.5499999999999999,0.00039530699999999996,0.006051754863000001,0.45,../res/matrix_conceptor_500_tuesday.csv,5,5,0.0028832869572492682
500,500,matrix_conceptor,1046.6825196113025,398.1071705534973,928.1805276076038,640.0,3000,500,6.561e-05,0.008820900000000001,1.2,0.5499999999999999,0.00039530699999999996,0.006051754863000001,0.5,../res/matrix_conceptor_500_tuesday.csv,5,5,0.0025672945929178115
500,500,matrix_conceptor,1046.6825196113025,398.1071705534973,928.1805276076038,640.0,3000,500,6.561e-05,0.008820900000000001,1.2,0.5499999999999999,0.00039530699999999996,0.006051754863000001,0.55,../res/matrix_conceptor_500_tuesday.csv,5,5,0.002917950482594476
500,500,matrix_conceptor,1046.6825196113025,398.1071705534973,928.1805276076038,640.0,3000,500,6.561e-05,0.008820900000000001,1.2,0.5499999999999999,0.00043483769999999995,0.006051754863000001,0.55,../res/matrix_conceptor_500_tuesday.csv,5,5,0.0026671736104389677
500,500,matrix_conceptor,1046.6825196113025,398.1071705534973,928.1805276076038,640.0,3000,500,6.561e-05,0.008820900000000001,1.2,0.5499999999999999,0.00035577629999999997,0.006051754863000001,0.55,../res/matrix_conceptor_500_tuesday.csv,5,5,0.002515430688059072
500,500,matrix_conceptor,1046.6825196113025,398.1071705534973,928.1805276076038,640.0,3000,500,6.561e-05,0.008820900000000001,1.2,0.5499999999999999,0.00039530699999999996,0.0066569303493000005,0.55,../res/matrix_conceptor_500_tuesday.csv,5,5,0.0024917998643170357
500,500,matrix_conceptor,1046.6825196113025,398.1071705534973,928.1805276076038,640.0,3000,500,6.561e-05,0.008820900000000001,1.2,0.5499999999999999,0.00039530699999999996,0.005446579376700001,0.55,../res/matrix_conceptor_500_tuesday.csv,5,5,0.0023744477930711444
500,500,matrix_conceptor,1046.6825196113025,398.1071705534973,928.1805276076038,640.0,3000,500,6.561e-05,0.008820900000000001,1.2,0.5499999999999999,0.00039530699999999996,0.004901921439030001,0.55,../res/matrix_conceptor_500_tuesday.csv,5,5,0.0027348971539798974
500,500,matrix_conceptor,1046.6825196113025,398.1071705534973,928.1805276076038,640.0,3000,500,7.2171e-05,0.008820900000000001,1.2,0.5499999999999999,0.00039530699999999996,0.004901921439030001,0.55,../res/matrix_conceptor_500_tuesday.csv,5,5,0.002781602548347024
500,500,matrix_conceptor,1046.6825196113025,398.1071705534973,928.1805276076038,640.0,3000,500,5.9049e-05,0.008820900000000001,1.2,0.5499999999999999,0.00039530699999999996,0.004901921439030001,0.55,../res/matrix_conceptor_500_tuesday.csv,5,5,0.0025190107576439176
500,500,matrix_conceptor,1046.6825196113025,398.1071705534973,928.1805276076038,640.0,3000,500,5.3144100000000005e-05,0.008820900000000001,1.2,0.5499999999999999,0.00039530699999999996,0.004901921439030001,0.55,../res/matrix_conceptor_500_tuesday.csv,5,5,0.0026410721176425025
500,500,matrix_conceptor,1256.019023533563,398.1071705534973,928.1805276076038,640.0,3000,500,5.3144100000000005e-05,0.008820900000000001,1.2,0.5499999999999999,0.00039530699999999996,0.004901921439030001,0.55,../res/matrix_conceptor_500_tuesday.csv,5,5,0.002659065016574772
500,500,matrix_conceptor,837.346015689042,398.1071705534973,928.1805276076038,640.0,3000,500,5.3144100000000005e-05,0.008820900000000001,1.2,0.5499999999999999,0.00039530699999999996,0.004901921439030001,0.55,../res/matrix_conceptor_500_tuesday.csv,5,5,0.0028376429359996823
500,500,matrix_conceptor,1046.6825196113025,477.7286046641968,928.1805276076038,640.0,3000,500,5.3144100000000005e-05,0.008820900000000001,1.2,0.5499999999999999,0.00039530699999999996,0.004901921439030001,0.55,../res/matrix_conceptor_500_tuesday.csv,5,5,0.0027619861732647247
500,500,matrix_conceptor,1046.6825196113025,318.4857364427979,928.1805276076038,640.0,3000,500,5.3144100000000005e-05,0.008820900000000001,1.2,0.5499999999999999,0.00039530699999999996,0.004901921439030001,0.55,../res/matrix_conceptor_500_tuesday.csv,5,5,0.002331778097141677
500,500,matrix_conceptor,1046.6825196113025,254.7885891542383,928.1805276076038,640.0,3000,500,5.3144100000000005e-05,0.008820900000000001,1.2,0.5499999999999999,0.00039530699999999996,0.004901921439030001,0.55,../res/matrix_conceptor_500_tuesday.csv,5,5,0.0025661392386778273
500,500,matrix_conceptor,1046.6825196113025,254.7885891542383,1113.8166331291245,640.0,3000,500,5.3144100000000005e-05,0.008820900000000001,1.2,0.5499999999999999,0.00039530699999999996,0.004901921439030001,0.55,../res/matrix_conceptor_500_tuesday.csv,5,5,0.002273008607266324
500,500,matrix_conceptor,1046.6825196113025,254.7885891542383,742.544422086083,640.0,3000,500,5.3144100000000005e-05,0.008820900000000001,1.2,0.5499999999999999,0.00039530699999999996,0.004901921439030001,0.55,../res/matrix_conceptor_500_tuesday.csv,5,5,0.0026756773058000914
500,500,matrix_conceptor,1046.6825196113025,254.7885891542383,594.0355376688665,640.0,3000,500,5.3144100000000005e-05,0.008820900000000001,1.2,0.5499999999999999,0.00039530699999999996,0.004901921439030001,0.55,../res/matrix_conceptor_500_tuesday.csv,5,5,0.0024814914515966496
500,500,matrix_conceptor,1046.6825196113025,254.7885891542383,475.22843013509316,640.0,3000,500,5.3144100000000005e-05,0.008820900000000001,1.2,0.5499999999999999,0.00039530699999999996,0.004901921439030001,0.55,../res/matrix_conceptor_500_tuesday.csv,5,5,0.0024829130734177357
500,500,matrix_conceptor,1046.6825196113025,254.7885891542383,475.22843013509316,768.0,3000,500,5.3144100000000005e-05,0.008820900000000001,1.2,0.5499999999999999,0.00039530699999999996,0.004901921439030001,0.55,../res/matrix_conceptor_500_tuesday.csv,5,5,0.002653605374668035
500,500,matrix_conceptor,1046.6825196113025,254.7885891542383,475.22843013509316,512.0,3000,500,5.3144100000000005e-05,0.008820900000000001,1.2,0.5499999999999999,0.00039530699999999996,0.004901921439030001,0.55,../res/matrix_conceptor_500_tuesday.csv,5,5,0.0023234321035261333
500,500,matrix_conceptor,1046.6825196113025,254.7885891542383,475.22843013509316,409.6,3000,500,5.3144100000000005e-05,0.008820900000000001,1.2,0.5499999999999999,0.00039530699999999996,0.004901921439030001,0.55,../res/matrix_conceptor_500_tuesday.csv,5,5,0.0028168450728396285
500,500,matrix_conceptor,1046.6825196113025,254.7885891542383,475.22843013509316,409.6,3000,500,5.3144100000000005e-05,0.009702990000000002,1.2,0.5499999999999999,0.00039530699999999996,0.004901921439030001,0.55,../res/matrix_conceptor_500_tuesday.csv,5,5,0.002618678619385866
500,500,matrix_conceptor,1046.6825196113025,254.7885891542383,475.22843013509316,409.6,3000,500,5.3144100000000005e-05,0.007938810000000001,1.2,0.5499999999999999,0.00039530699999999996,0.004901921439030001,0.55,../res/matrix_conceptor_500_tuesday.csv,5,5,0.00240175130973153
500,500,matrix_conceptor,1046.6825196113025,254.7885891542383,475.22843013509316,409.6,3000,500,5.3144100000000005e-05,0.007144929000000001,1.2,0.5499999999999999,0.00039530699999999996,0.004901921439030001,0.55,../res/matrix_conceptor_500_tuesday.csv,5,5,0.002557132306234457
500,500,matrix_conceptor,1046.6825196113025,254.7885891542383,475.22843013509316,409.6,3000,500,5.3144100000000005e-05,0.007144929000000001,1.25,0.5499999999999999,0.00039530699999999996,0.004901921439030001,0.55,../res/matrix_conceptor_500_tuesday.csv,5,5,0.0021377266539803147
500,500,matrix_conceptor,1046.6825196113025,254.7885891542383,475.22843013509316,409.6,3000,500,5.3144100000000005e-05,0.007144929000000001,1.15,0.5499999999999999,0.00039530699999999996,0.004901921439030001,0.55,../res/matrix_conceptor_500_tuesday.csv,5,5,0.0023456847148674684
500,500,matrix_conceptor,1046.6825196113025,254.7885891542383,475.22843013509316,409.6,3000,500,5.3144100000000005e-05,0.007144929000000001,1.0999999999999999,0.5499999999999999,0.00039530699999999996,0.004901921439030001,0.55,../res/matrix_conceptor_500_tuesday.csv,5,5,0.0022793148012510405
500,500,matrix_conceptor,1046.6825196113025,254.7885891542383,475.22843013509316,409.6,3000,500,5.3144100000000005e-05,0.007144929000000001,1.0499999999999998,0.5499999999999999,0.00039530699999999996,0.004901921439030001,0.55,../res/matrix_conceptor_500_tuesday.csv,5,5,0.0022898047157088367
500,500,matrix_conceptor,1046.6825196113025,254.7885891542383,475.22843013509316,409.6,3000,500,5.3144100000000005e-05,0.007144929000000001,1.0499999999999998,0.6,0.00039530699999999996,0.004901921439030001,0.55,../res/matrix_conceptor_500_tuesday.csv,5,5,0.0023122882050701675
500,500,matrix_conceptor,1046.6825196113025,254.7885891542383,475.22843013509316,409.6,3000,500,5.3144100000000005e-05,0.007144929000000001,1.0499999999999998,0.49999999999999994,0.00039530699999999996,0.004901921439030001,0.55,../res/matrix_conceptor_500_tuesday.csv,5,5,0.0024020558079976663
500,500,matrix_conceptor,1046.6825196113025,254.7885891542383,475.22843013509316,409.6,3000,500,5.3144100000000005e-05,0.007144929000000001,1.0499999999999998,0.44999999999999996,0.00039530699999999996,0.004901921439030001,0.55,../res/matrix_conceptor_500_tuesday.csv,5,5,0.0024714509466059616
500,500,matrix_conceptor,1046.6825196113025,254.7885891542383,475.22843013509316,409.6,3000,500,5.3144100000000005e-05,0.007144929000000001,1.0499999999999998,0.44999999999999996,0.00039530699999999996,0.004901921439030001,0.6000000000000001,../res/matrix_conceptor_500_tuesday.csv,5,5,0.0023431021255380024
500,500,matrix_conceptor,1046.6825196113025,254.7885891542383,475.22843013509316,409.6,3000,500,5.3144100000000005e-05,0.007144929000000001,1.0499999999999998,0.44999999999999996,0.00039530699999999996,0.004901921439030001,0.5,../res/matrix_conceptor_500_tuesday.csv,5,5,0.0024491497006169853
500,500,matrix_conceptor,1046.6825196113025,254.7885891542383,475.22843013509316,409.6,3000,500,5.3144100000000005e-05,0.007144929000000001,1.0499999999999998,0.44999999999999996,0.00039530699999999996,0.004901921439030001,0.45,../res/matrix_conceptor_500_tuesday.csv,5,5,0.0027048389129934887
500,500,matrix_conceptor,1046.6825196113025,254.7885891542383,475.22843013509316,409.6,3000,500,5.3144100000000005e-05,0.007144929000000001,1.0499999999999998,0.44999999999999996,0.00043483769999999995,0.004901921439030001,0.45,../res/matrix_conceptor_500_tuesday.csv,5,5,0.0024559457859017813
500,500,matrix_conceptor,1046.6825196113025,254.7885891542383,475.22843013509316,409.6,3000,500,5.3144100000000005e-05,0.007144929000000001,1.0499999999999998,0.44999999999999996,0.00035577629999999997,0.004901921439030001,0.45,../res/matrix_conceptor_500_tuesday.csv,5,5,0.0027668923583511343
500,500,matrix_conceptor,1046.6825196113025,254.7885891542383,475.22843013509316,409.6,3000,500,5.3144100000000005e-05,0.007144929000000001,1.0499999999999998,0.44999999999999996,0.00039135392999999996,0.004901921439030001,0.45,../res/matrix_conceptor_500_tuesday.csv,5,5,0.002610661358746798
500,500,matrix_conceptor,1046.6825196113025,254.7885891542383,475.22843013509316,409.6,3000,500,5.3144100000000005e-05,0.007144929000000001,1.0499999999999998,0.44999999999999996,0.00043048932299999995,0.004901921439030001,0.45,../res/matrix_conceptor_500_tuesday.csv,5,5,0.0024176832043554318
500,500,matrix_conceptor,1046.6825196113025,254.7885891542383,475.22843013509316,409.6,3000,500,5.3144100000000005e-05,0.007144929000000001,1.0499999999999998,0.44999999999999996,0.00047353825529999996,0.004901921439030001,0.45,../res/matrix_conceptor_500_tuesday.csv,5,5,0.0025820382645980033
500,500,matrix_conceptor,1046.6825196113025,254.7885891542383,475.22843013509316,409.6,3000,500,5.3144100000000005e-05,0.007144929000000001,1.0499999999999998,0.44999999999999996,0.00047353825529999996,0.005392113582933001,0.45,../res/matrix_conceptor_500_tuesday.csv,5,5,0.0025426500150918917
500,500,matrix_conceptor,1046.6825196113025,254.7885891542383,475.22843013509316,409.6,3000,500,5.3144100000000005e-05,0.007144929000000001,1.0499999999999998,0.44999999999999996,0.00047353825529999996,0.004411729295127001,0.45,../res/matrix_conceptor_500_tuesday.csv,5,5,0.0028517417022740936
500,500,matrix_conceptor,1046.6825196113025,254.7885891542383,475.22843013509316,409.6,3000,500,5.3144100000000005e-05,0.007144929000000001,1.0499999999999998,0.44999999999999996,0.00047353825529999996,0.004852902224639701,0.45,../res/matrix_conceptor_500_tuesday.csv,5,5,0.0029258984658233423
500,500,matrix_conceptor,1046.6825196113025,254.7885891542383,475.22843013509316,409.6,3000,500,5.8458510000000004e-05,0.007144929000000001,1.0499999999999998,0.44999999999999996,0.00047353825529999996,0.004852902224639701,0.45,../res/matrix_conceptor_500_tuesday.csv,5,5,0.0027782027310085966
500,500,matrix_conceptor,1046.6825196113025,254.7885891542383,475.22843013509316,409.6,3000,500,4.7829690000000007e-05,0.007144929000000001,1.0499999999999998,0.44999999999999996,0.00047353825529999996,0.004852902224639701,0.45,../res/matrix_conceptor_500_tuesday.csv,5,5,0.0025944915596071995
500,500,matrix_conceptor,1046.6825196113025,254.7885891542383,475.22843013509316,409.6,3000,500,4.3046721000000007e-05,0.007144929000000001,1.0499999999999998,0.44999999999999996,0.00047353825529999996,0.004852902224639701,0.45,../res/matrix_conceptor_500_tuesday.csv,5,5,0.0024866962014379788
500,500,matrix_conceptor,1046.6825196113025,254.7885891542383,475.22843013509316,409.6,3000,500,3.8742048900000005e-05,0.007144929000000001,1.0499999999999998,0.44999999999999996,0.00047353825529999996,0.004852902224639701,0.45,../res/matrix_conceptor_500_tuesday.csv,5,5,0.0026104108885592753
500,500,matrix_conceptor,1256.019023533563,254.7885891542383,475.22843013509316,409.6,3000,500,3.8742048900000005e-05,0.007144929000000001,1.0499999999999998,0.44999999999999996,0.00047353825529999996,0.004852902224639701,0.45,../res/matrix_conceptor_500_tuesday.csv,5,5,0.0025044353561791267
500,500,matrix_conceptor,837.346015689042,254.7885891542383,475.22843013509316,409.6,3000,500,3.8742048900000005e-05,0.007144929000000001,1.0499999999999998,0.44999999999999996,0.00047353825529999996,0.004852902224639701,0.45,../res/matrix_conceptor_500_tuesday.csv,5,5,0.002571697958335464
500,500,matrix_conceptor,669.8768125512336,254.7885891542383,475.22843013509316,409.6,3000,500,3.8742048900000005e-05,0.007144929000000001,1.0499999999999998,0.44999999999999996,0.00047353825529999996,0.004852902224639701,0.45,../res/matrix_conceptor_500_tuesday.csv,5,5,0.002475913510515554
500,500,matrix_conceptor,535.9014500409869,254.7885891542383,475.22843013509316,409.6,3000,500,3.8742048900000005e-05,0.007144929000000001,1.0499999999999998,0.44999999999999996,0.00047353825529999996,0.004852902224639701,0.45,../res/matrix_conceptor_500_tuesday.csv,5,5,0.002857643019816359
500,500,matrix_conceptor,535.9014500409869,305.746306985086,475.22843013509316,409.6,3000,500,3.8742048900000005e-05,0.007144929000000001,1.0499999999999998,0.44999999999999996,0.00047353825529999996,0.004852902224639701,0.45,../res/matrix_conceptor_500_tuesday.csv,5,5,0.0026215700394752973
500,500,matrix_conceptor,535.9014500409869,203.83087132339065,475.22843013509316,409.6,3000,500,3.8742048900000005e-05,0.007144929000000001,1.0499999999999998,0.44999999999999996,0.00047353825529999996,0.004852902224639701,0.45,../res/matrix_conceptor_500_tuesday.csv,5,5,0.002843251038863474
500,500,matrix_conceptor,535.9014500409869,254.7885891542383,570.2741161621118,409.6,3000,500,3.8742048900000005e-05,0.007144929000000001,1.0499999999999998,0.44999999999999996,0.00047353825529999996,0.004852902224639701,0.45,../res/matrix_conceptor_500_tuesday.csv,5,5,0.0023968762861001783
500,500,matrix_conceptor,535.9014500409869,254.7885891542383,380.18274410807453,409.6,3000,500,3.8742048900000005e-05,0.007144929000000001,1.0499999999999998,0.44999999999999996,0.00047353825529999996,0.004852902224639701,0.45,../res/matrix_conceptor_500_tuesday.csv,5,5,0.0033050084723030672
500,500,matrix_conceptor,535.9014500409869,254.7885891542383,456.21929292968946,409.6,3000,500,3.8742048900000005e-05,0.007144929000000001,1.0499999999999998,0.44999999999999996,0.00047353825529999996,0.004852902224639701,0.45,../res/matrix_conceptor_500_tuesday.csv,5,5,0.0023007735332979218
500,500,matrix_conceptor,535.9014500409869,254.7885891542383,547.4631515156274,409.6,3000,500,3.8742048900000005e-05,0.007144929000000001,1.0499999999999998,0.44999999999999996,0.00047353825529999996,0.004852902224639701,0.45,../res/matrix_conceptor_500_tuesday.csv,5,5,0.002588468475142775
500,500,matrix_conceptor,535.9014500409869,254.7885891542383,547.4631515156274,491.52000000000004,3000,500,3.8742048900000005e-05,0.007144929000000001,1.0499999999999998,0.44999999999999996,0.00047353825529999996,0.004852902224639701,0.45,../res/matrix_conceptor_500_tuesday.csv,5,5,0.0032001319288396655
500,500,matrix_conceptor,535.9014500409869,254.7885891542383,547.4631515156274,327.68,3000,500,3.8742048900000005e-05,0.007144929000000001,1.0499999999999998,0.44999999999999996,0.00047353825529999996,0.004852902224639701,0.45,../res/matrix_conceptor_500_tuesday.csv,5,5,0.002631638544431784
500,500,matrix_conceptor,535.9014500409869,254.7885891542383,547.4631515156274,262.144,3000,500,3.8742048900000005e-05,0.007144929000000001,1.0499999999999998,0.44999999999999996,0.00047353825529999996,0.004852902224639701,0.45,../res/matrix_conceptor_500_tuesday.csv,5,5,0.002786904279065357
500,500,matrix_conceptor,535.9014500409869,254.7885891542383,547.4631515156274,262.144,3000,500,3.8742048900000005e-05,0.007859421900000002,1.0499999999999998,0.44999999999999996,0.00047353825529999996,0.004852902224639701,0.45,../res/matrix_conceptor_500_tuesday.csv,5,5,0.0027519964126323433
500,500,matrix_conceptor,535.9014500409869,254.7885891542383,547.4631515156274,262.144,3000,500,3.8742048900000005e-05,0.006430436100000001,1.0499999999999998,0.44999999999999996,0.00047353825529999996,0.004852902224639701,0.45,../res/matrix_conceptor_500_tuesday.csv,5,5,0.0027566713660964253
500,500,matrix_conceptor,535.9014500409869,254.7885891542383,547.4631515156274,262.144,3000,500,3.8742048900000005e-05,0.007144929000000001,1.0999999999999999,0.44999999999999996,0.00047353825529999996,0.004852902224639701,0.45,../res/matrix_conceptor_500_tuesday.csv,5,5,0.0026452973220026676
500,500,matrix_conceptor,535.9014500409869,254.7885891542383,547.4631515156274,262.144,3000,500,3.8742048900000005e-05,0.007144929000000001,0.9999999999999998,0.44999999999999996,0.00047353825529999996,0.004852902224639701,0.45,../res/matrix_conceptor_500_tuesday.csv,5,5,0.0031922177202795567
500,500,matrix_conceptor,535.9014500409869,254.7885891542383,547.4631515156274,262.144,3000,500,3.8742048900000005e-05,0.007144929000000001,1.0499999999999998,0.44999999999999996,0.00047353825529999996,0.004852902224639701,0.45,../res/matrix_conceptor_500_tuesday.csv,5,5,0.0025303915078353566
500,500,matrix_conceptor,535.9014500409869,254.7885891542383,547.4631515156274,262.144,3000,500,3.8742048900000005e-05,0.007144929000000001,1.0999999999999999,0.44999999999999996,0.00047353825529999996,0.004852902224639701,0.45,../res/matrix_conceptor_500_tuesday.csv,5,5,0.0027689171583237886
500,500,matrix_conceptor,535.9014500409869,254.7885891542383,547.4631515156274,262.144,3000,500,3.8742048900000005e-05,0.007144929000000001,1.0999999999999999,0.49999999999999994,0.00047353825529999996,0.004852902224639701,0.45,../res/matrix_conceptor_500_tuesday.csv,5,5,0.002280770349216766
500,500,matrix_conceptor,535.9014500409869,254.7885891542383,547.4631515156274,262.144,3000,500,3.8742048900000005e-05,0.007144929000000001,1.0999999999999999,0.39999999999999997,0.00047353825529999996,0.004852902224639701,0.45,../res/matrix_conceptor_500_tuesday.csv,5,5,0.0023249651130665323
500,500,matrix_conceptor,535.9014500409869,254.7885891542383,547.4631515156274,262.144,3000,500,3.8742048900000005e-05,0.007144929000000001,1.0999999999999999,0.35,0.00047353825529999996,0.004852902224639701,0.45,../res/matrix_conceptor_500_tuesday.csv,5,5,0.00286548252606651
500,500,matrix_conceptor,535.9014500409869,254.7885891542383,547.4631515156274,262.144,3000,500,3.8742048900000005e-05,0.007144929000000001,1.0999999999999999,0.35,0.00047353825529999996,0.004852902224639701,0.5,../res/matrix_conceptor_500_tuesday.csv,5,5,0.003255509959391822
500,500,matrix_conceptor,535.9014500409869,254.7885891542383,547.4631515156274,262.144,3000,500,3.8742048900000005e-05,0.007144929000000001,1.0999999999999999,0.35,0.00047353825529999996,0.004852902224639701,0.4,../res/matrix_conceptor_500_tuesday.csv,5,5,0.003285421095922794
500,500,matrix_conceptor,535.9014500409869,254.7885891542383,547.4631515156274,262.144,3000,500,3.8742048900000005e-05,0.007144929000000001,1.0999999999999999,0.35,0.00047353825529999996,0.004852902224639701,0.35000000000000003,../res/matrix_conceptor_500_tuesday.csv,5,5,0.0028201959309130287
500,500,matrix_conceptor,535.9014500409869,254.7885891542383,547.4631515156274,262.144,3000,500,3.8742048900000005e-05,0.007144929000000001,1.0999999999999999,0.35,0.00047353825529999996,0.004852902224639701,0.30000000000000004,../res/matrix_conceptor_500_tuesday.csv,5,5,0.0030588637743706884
500,500,matrix_conceptor,535.9014500409869,254.7885891542383,547.4631515156274,262.144,3000,500,3.8742048900000005e-05,0.007144929000000001,1.0999999999999999,0.35,0.0005208920808299999,0.004852902224639701,0.30000000000000004,../res/matrix_conceptor_500_tuesday.csv,5,5,0.002827177360561568
500,500,matrix_conceptor,535.9014500409869,254.7885891542383,547.4631515156274,262.144,3000,500,3.8742048900000005e-05,0.007144929000000001,1.0999999999999999,0.35,0.00042618442977,0.004852902224639701,0.30000000000000004,../res/matrix_conceptor_500_tuesday.csv,5,5,0.002960955535351725
500,500,matrix_conceptor,535.9014500409869,254.7885891542383,547.4631515156274,262.144,3000,500,3.8742048900000005e-05,0.007144929000000001,1.0999999999999999,0.35,0.000468802872747,0.004852902224639701,0.30000000000000004,../res/matrix_conceptor_500_tuesday.csv,5,5,0.0028867868279485545
500,500,matrix_conceptor,535.9014500409869,254.7885891542383,547.4631515156274,262.144,3000,500,3.8742048900000005e-05,0.007144929000000001,1.0999999999999999,0.35,0.0005156831600217,0.004852902224639701,0.30000000000000004,../res/matrix_conceptor_500_tuesday.csv,5,5,0.003003581297443975
500,500,matrix_conceptor,535.9014500409869,254.7885891542383,547.4631515156274,262.144,3000,500,3.8742048900000005e-05,0.007144929000000001,1.0999999999999999,0.35,0.0005156831600217,0.005338192447103671,0.30000000000000004,../res/matrix_conceptor_500_tuesday.csv,5,5,0.0029383035343012176
500,500,matrix_conceptor,535.9014500409869,254.7885891542383,547.4631515156274,262.144,3000,500,3.8742048900000005e-05,0.007144929000000001,1.0999999999999999,0.35,0.0005156831600217,0.004367612002175731,0.30000000000000004,../res/matrix_conceptor_500_tuesday.csv,5,5,0.0030071395148925004
500,500,matrix_conceptor,535.9014500409869,254.7885891542383,547.4631515156274,262.144,3000,500,3.8742048900000005e-05,0.007144929000000001,1.0999999999999999,0.35,0.0005156831600217,0.0039308508019581575,0.30000000000000004,../res/matrix_conceptor_500_tuesday.csv,5,5,0.003030432130868021
500,500,matrix_conceptor,535.9014500409869,254.7885891542383,547.4631515156274,262.144,3000,500,4.261625379000001e-05,0.007144929000000001,1.0999999999999999,0.35,0.0005156831600217,0.0039308508019581575,0.30000000000000004,../res/matrix_conceptor_500_tuesday.csv,5,5,0.003046277153693576
500,500,matrix_conceptor,535.9014500409869,254.7885891542383,547.4631515156274,262.144,3000,500,3.486784401e-05,0.007144929000000001,1.0999999999999999,0.35,0.0005156831600217,0.0039308508019581575,0.30000000000000004,../res/matrix_conceptor_500_tuesday.csv,5,5,0.002907212423045875
500,500,matrix_conceptor,535.9014500409869,254.7885891542383,547.4631515156274,262.144,3000,500,3.1381059609000004e-05,0.007144929000000001,1.0999999999999999,0.35,0.0005156831600217,0.0039308508019581575,0.30000000000000004,../res/matrix_conceptor_500_tuesday.csv,5,5,0.0028433990355952554
500,500,matrix_conceptor,535.9014500409869,254.7885891542383,547.4631515156274,262.144,3000,500,2.8242953648100004e-05,0.007144929000000001,1.0999999999999999,0.35,0.0005156831600217,0.0039308508019581575,0.30000000000000004,../res/matrix_conceptor_500_tuesday.csv,5,5,0.0027354188462716117
500,500,matrix_conceptor,535.9014500409869,254.7885891542383,547.4631515156274,262.144,3000,500,2.5418658283290003e-05,0.007144929000000001,1.0999999999999999,0.35,0.0005156831600217,0.0039308508019581575,0.30000000000000004,../res/matrix_conceptor_500_tuesday.csv,5,5,0.002687497312625314
500,500,matrix_conceptor,535.9014500409869,254.7885891542383,547.4631515156274,262.144,3000,500,2.2876792454961002e-05,0.007144929000000001,1.0999999999999999,0.35,0.0005156831600217,0.0039308508019581575,0.30000000000000004,../res/matrix_conceptor_500_tuesday.csv,5,5,0.0029525818697475124
500,500,matrix_conceptor,643.0817400491843,254.7885891542383,547.4631515156274,262.144,3000,500,2.2876792454961002e-05,0.007144929000000001,1.0999999999999999,0.35,0.0005156831600217,0.0039308508019581575,0.30000000000000004,../res/matrix_conceptor_500_tuesday.csv,5,5,0.0031153189372121796
500,500,matrix_conceptor,428.7211600327895,254.7885891542383,547.4631515156274,262.144,3000,500,2.2876792454961002e-05,0.007144929000000001,1.0999999999999999,0.35,0.0005156831600217,0.0039308508019581575,0.30000000000000004,../res/matrix_conceptor_500_tuesday.csv,5,5,0.0028234286605954228
500,500,matrix_conceptor,342.9769280262316,254.7885891542383,547.4631515156274,262.144,3000,500,2.2876792454961002e-05,0.007144929000000001,1.0999999999999999,0.35,0.0005156831600217,0.0039308508019581575,0.30000000000000004,../res/matrix_conceptor_500_tuesday.csv,5,5,0.0030517113151497044
500,500,matrix_conceptor,342.9769280262316,305.746306985086,547.4631515156274,262.144,3000,500,2.2876792454961002e-05,0.007144929000000001,1.0999999999999999,0.35,0.0005156831600217,0.0039308508019581575,0.30000000000000004,../res/matrix_conceptor_500_tuesday.csv,5,5,0.0027391540194411606
500,500,matrix_conceptor,342.9769280262316,203.83087132339065,547.4631515156274,262.144,3000,500,2.2876792454961002e-05,0.007144929000000001,1.0999999999999999,0.35,0.0005156831600217,0.0039308508019581575,0.30000000000000004,../res/matrix_conceptor_500_tuesday.csv,5,5,0.0026999741171005497
500,500,matrix_conceptor,342.9769280262316,163.0646970587125,547.4631515156274,262.144,3000,500,2.2876792454961002e-05,0.007144929000000001,1.0999999999999999,0.35,0.0005156831600217,0.0039308508019581575,0.30000000000000004,../res/matrix_conceptor_500_tuesday.csv,5,5,0.0029069355147315094
500,500,matrix_conceptor,342.9769280262316,163.0646970587125,656.9557818187528,262.144,3000,500,2.2876792454961002e-05,0.007144929000000001,1.0999999999999999,0.35,0.0005156831600217,0.0039308508019581575,0.30000000000000004,../res/matrix_conceptor_500_tuesday.csv,5,5,0.00284042695003008
500,500,matrix_conceptor,342.9769280262316,163.0646970587125,437.9705212125019,262.144,3000,500,2.2876792454961002e-05,0.007144929000000001,1.0999999999999999,0.35,0.0005156831600217,0.0039308508019581575,0.30000000000000004,../res/matrix_conceptor_500_tuesday.csv,5,5,0.002600539582282227
500,500,matrix_conceptor,342.9769280262316,163.0646970587125,350.3764169700015,262.144,3000,500,2.2876792454961002e-05,0.007144929000000001,1.0999999999999999,0.35,0.0005156831600217,0.0039308508019581575,0.30000000000000004,../res/matrix_conceptor_500_tuesday.csv,5,5,0.0028537099308272073
500,500,matrix_conceptor,342.9769280262316,163.0646970587125,350.3764169700015,314.57280000000003,3000,500,2.2876792454961002e-05,0.007144929000000001,1.0999999999999999,0.35,0.0005156831600217,0.0039308508019581575,0.30000000000000004,../res/matrix_conceptor_500_tuesday.csv,5,5,0.0030413097234995605
500,500,matrix_conceptor,342.9769280262316,163.0646970587125,350.3764169700015,209.7152,3000,500,2.2876792454961002e-05,0.007144929000000001,1.0999999999999999,0.35,0.0005156831600217,0.0039308508019581575,0.30000000000000004,../res/matrix_conceptor_500_tuesday.csv,5,5,0.0030349003770545353
500,500,matrix_conceptor,342.9769280262316,163.0646970587125,350.3764169700015,167.77216,3000,500,2.2876792454961002e-05,0.007144929000000001,1.0999999999999999,0.35,0.0005156831600217,0.0039308508019581575,0.30000000000000004,../res/matrix_conceptor_500_tuesday.csv,5,5,0.002988308924195154
500,500,matrix_conceptor,342.9769280262316,163.0646970587125,350.3764169700015,134.21772800000002,3000,500,2.2876792454961002e-05,0.007144929000000001,1.0999999999999999,0.35,0.0005156831600217,0.0039308508019581575,0.30000000000000004,../res/matrix_conceptor_500_tuesday.csv,5,5,0.003052372324183635
500,500,matrix_conceptor,342.9769280262316,163.0646970587125,350.3764169700015,134.21772800000002,3000,500,2.2876792454961002e-05,0.007859421900000002,1.0999999999999999,0.35,0.0005156831600217,0.0039308508019581575,0.30000000000000004,../res/matrix_conceptor_500_tuesday.csv,5,5,0.0032944379805512334
500,500,matrix_conceptor,342.9769280262316,163.0646970587125,350.3764169700015,134.21772800000002,3000,500,2.2876792454961002e-05,0.006430436100000001,1.0999999999999999,0.35,0.0005156831600217,0.0039308508019581575,0.30000000000000004,../res/matrix_conceptor_500_tuesday.csv,5,5,0.002823615671022671
500,500,matrix_conceptor,342.9769280262316,163.0646970587125,350.3764169700015,134.21772800000002,3000,500,2.2876792454961002e-05,0.00578739249,1.0999999999999999,0.35,0.0005156831600217,0.0039308508019581575,0.30000000000000004,../res/matrix_conceptor_500_tuesday.csv,5,5,0.0033976175001353146
500,500,matrix_conceptor,342.9769280262316,163.0646970587125,350.3764169700015,134.21772800000002,3000,500,2.2876792454961002e-05,0.00578739249,1.15,0.35,0.0005156831600217,0.0039308508019581575,0.30000000000000004,../res/matrix_conceptor_500_tuesday.csv,5,5,0.002926725637955231
500,500,matrix_conceptor,342.9769280262316,163.0646970587125,350.3764169700015,134.21772800000002,3000,500,2.2876792454961002e-05,0.00578739249,1.0499999999999998,0.35,0.0005156831600217,0.0039308508019581575,0.30000000000000004,../res/matrix_conceptor_500_tuesday.csv,5,5,0.0030178510442035113
500,500,matrix_conceptor,342.9769280262316,163.0646970587125,350.3764169700015,134.21772800000002,3000,500,2.2876792454961002e-05,0.00578739249,0.9999999999999998,0.35,0.0005156831600217,0.0039308508019581575,0.30000000000000004,../res/matrix_conceptor_500_tuesday.csv,5,5,0.0030538163295837266
500,500,matrix_conceptor,342.9769280262316,163.0646970587125,350.3764169700015,134.21772800000002,3000,500,2.2876792454961002e-05,0.00578739249,0.9999999999999998,0.39999999999999997,0.0005156831600217,0.0039308508019581575,0.30000000000000004,../res/matrix_conceptor_500_tuesday.csv,5,5,0.0024962126772159385
500,500,matrix_conceptor,342.9769280262316,163.0646970587125,350.3764169700015,134.21772800000002,3000,500,2.2876792454961002e-05,0.00578739249,0.9999999999999998,0.3,0.0005156831600217,0.0039308508019581575,0.30000000000000004,../res/matrix_conceptor_500_tuesday.csv,5,5,0.0031425933008585837
500,500,matrix_conceptor,342.9769280262316,163.0646970587125,350.3764169700015,134.21772800000002,3000,500,2.2876792454961002e-05,0.00578739249,0.9999999999999998,0.35,0.0005156831600217,0.0039308508019581575,0.30000000000000004,../res/matrix_conceptor_500_tuesday.csv,5,5,0.002954560716050541
500,500,matrix_conceptor,342.9769280262316,163.0646970587125,350.3764169700015,134.21772800000002,3000,500,2.2876792454961002e-05,0.00578739249,0.9999999999999998,0.39999999999999997,0.0005156831600217,0.0039308508019581575,0.30000000000000004,../res/matrix_conceptor_500_tuesday.csv,5,5,0.0029482112767835033
500,500,matrix_conceptor,342.9769280262316,163.0646970587125,350.3764169700015,134.21772800000002,3000,500,2.2876792454961002e-05,0.00578739249,0.9999999999999998,0.44999999999999996,0.0005156831600217,0.0039308508019581575,0.30000000000000004,../res/matrix_conceptor_500_tuesday.csv,5,5,0.002698479583421998
500,500,matrix_conceptor,342.9769280262316,163.0646970587125,350.3764169700015,134.21772800000002,3000,500,2.2876792454961002e-05,0.00578739249,0.9999999999999998,0.49999999999999994,0.0005156831600217,0.0039308508019581575,0.30000000000000004,../res/matrix_conceptor_500_tuesday.csv,5,5,0.002357696131062701
500,500,matrix_conceptor,342.9769280262316,163.0646970587125,350.3764169700015,134.21772800000002,3000,500,2.2876792454961002e-05,0.00578739249,0.9999999999999998,0.5499999999999999,0.0005156831600217,0.0039308508019581575,0.30000000000000004,../res/matrix_conceptor_500_tuesday.csv,5,5,0.0026213453416603512
500,500,matrix_conceptor,342.9769280262316,163.0646970587125,350.3764169700015,134.21772800000002,3000,500,2.2876792454961002e-05,0.00578739249,0.9999999999999998,0.5499999999999999,0.0005156831600217,0.0039308508019581575,0.35000000000000003,../res/matrix_conceptor_500_tuesday.csv,5,5,0.002773415477324693
500,500,matrix_conceptor,342.9769280262316,163.0646970587125,350.3764169700015,134.21772800000002,3000,500,2.2876792454961002e-05,0.00578739249,0.9999999999999998,0.5499999999999999,0.0005156831600217,0.0039308508019581575,0.25000000000000006,../res/matrix_conceptor_500_tuesday.csv,5,5,0.0023259346980376307
